Date,Avg_Temp_C,Avg_Max_Temp_C,Avg_Min_Temp_C,Province_Max_Temp_C,Province_Min_Temp_C,Avg_Heating_Degree_Days,Avg_Cooling_Degree_Days,Stations_Available,Year,Month,Season
2019-01-01,-7.816666666666666,-1.6999999999999997,-13.9,5.2,-27,25.816666666666666,0,6,2019,1,Winter
2019-01-02,-10.283333333333333,-4.883333333333333,-15.633333333333333,1.9,-27.4,28.28333333333333,0,6,2019,1,Winter
2019-01-03,-3.35,0.11666666666666659,-6.8,2.3,-13,21.35,0,6,2019,1,Winter
2019-01-04,1.1166666666666667,4.733333333333333,-2.5166666666666666,8.9,-5.5,16.883333333333333,0,6,2019,1,Winter
2019-01-05,0.09999999999999992,3.54,-3.32,9.3,-5.8,17.900000000000002,0,5,2019,1,Winter
2019-01-06,-4.133333333333334,1.2166666666666666,-9.466666666666667,4.3,-19.2,22.133333333333333,0,6,2019,1,Winter
2019-01-07,-3.4833333333333334,1.7833333333333337,-8.7,11.5,-16.9,21.483333333333334,0,6,2019,1,Winter
2019-01-08,0.6000000000000004,5.35,-4.183333333333334,11.1,-11.2,17.4,0,6,2019,1,Winter
2019-01-09,-4.85,-1.3333333333333333,-8.333333333333334,2.3,-18.6,22.85,0,6,2019,1,Winter
2019-01-10,-11.1,-7.3,-14.883333333333333,-3,-23.4,29.1,0,6,2019,1,Winter
2019-01-11,-12.266666666666666,-8.666666666666666,-15.8,-2,-23.7,30.266666666666666,0,6,2019,1,Winter
2019-01-12,-10.200000000000001,-7.35,-12.983333333333334,-0.6,-24.1,28.2,0,6,2019,1,Winter
2019-01-13,-10.266666666666666,-6.25,-14.233333333333334,0.1,-25.5,28.266666666666666,0,6,2019,1,Winter
2019-01-14,-8.2,-2.966666666666667,-13.4,0.1,-21.4,26.2,0,6,2019,1,Winter
2019-01-15,-4.466666666666667,-1.4166666666666665,-7.5,0.1,-16.7,22.46666666666667,0,6,2019,1,Winter
2019-01-16,-9.966666666666667,-2.8833333333333333,-16.983333333333334,1,-24.9,27.96666666666667,0,6,2019,1,Winter
2019-01-17,-12.483333333333334,-7.116666666666667,-17.78333333333333,-0.2,-26.1,30.483333333333334,0,6,2019,1,Winter
2019-01-18,-9.06,-4.32,-13.76,0.2,-28.9,27.060000000000002,0,5,2019,1,Winter
2019-01-19,-15.66,-11.74,-19.5,-3,-34.5,33.66,0,5,2019,1,Winter
2019-01-20,-19.02,-15.26,-22.72,-7.7,-30.9,37.02,0,5,2019,1,Winter
2019-01-21,-18.95,-12.65,-25.216666666666665,-9.1,-33.4,36.95,0,6,2019,1,Winter
2019-01-22,-12.6,-3.975,-21.175,-0.3,-25.9,30.6,0,4,2019,1,Winter
2019-01-23,-3.816666666666667,0.1833333333333333,-7.833333333333333,6.1,-17.8,21.816666666666666,0,6,2019,1,Winter
2019-01-24,-6.316666666666666,-2.333333333333333,-10.233333333333333,3.6,-25.3,24.316666666666666,0,6,2019,1,Winter
2019-01-25,-13.866666666666667,-8.45,-19.25,-2.8,-34.8,31.866666666666667,0,6,2019,1,Winter
2019-01-26,-16.95,-11.533333333333333,-22.3,-6.6,-35.5,34.95,0,6,2019,1,Winter
2019-01-27,-17.55,-10.316666666666666,-24.733333333333334,-2.2,-37.3,35.55,0,6,2019,1,Winter
2019-01-28,-18.883333333333333,-10.416666666666668,-27.316666666666666,2,-37.1,36.88333333333333,0,6,2019,1,Winter
2019-01-29,-13.916666666666668,-8.05,-19.71666666666667,0.7,-25.1,31.916666666666668,0,6,2019,1,Winter
2019-01-30,-20.7,-16.233333333333334,-25.15,-8.5,-30.3,38.7,0,6,2019,1,Winter
2019-01-31,-21.633333333333333,-17,-26.25,-14.4,-32.6,39.63333333333333,0,6,2019,1,Winter
2019-02-01,-17.916666666666668,-11.783333333333333,-24,-10.1,-34.6,35.916666666666664,0,6,2019,2,Winter
2019-02-02,-8.816666666666666,-2.35,-15.216666666666667,3.2,-17.7,26.816666666666666,0,6,2019,2,Winter
2019-02-03,-3.0000000000000004,0.5166666666666664,-6.533333333333333,10,-15.3,21,0,6,2019,2,Winter
2019-02-04,-1.3666666666666667,2.0499999999999994,-4.800000000000001,12.7,-19.4,19.366666666666667,0,6,2019,2,Winter
2019-02-05,-5.616666666666666,0.7166666666666671,-11.95,9.6,-26.6,23.616666666666667,0,6,2019,2,Winter
2019-02-06,-7.466666666666667,-4.966666666666667,-9.9,1.1,-17.6,25.466666666666665,0,6,2019,2,Winter
2019-02-07,-3.0166666666666666,1.9166666666666674,-7.966666666666667,12.6,-18.3,21.016666666666666,0,6,2019,2,Winter
2019-02-08,-6.15,0.8833333333333334,-13.133333333333333,6.9,-21,24.15,0,6,2019,2,Winter
2019-02-09,-12.233333333333334,-7.983333333333333,-16.46666666666667,-3.9,-26.1,30.233333333333334,0,6,2019,2,Winter
2019-02-10,-10.833333333333334,-6.3500000000000005,-15.266666666666667,-3.1,-28.3,28.833333333333332,0,6,2019,2,Winter
2019-02-11,-9.266666666666666,-5.5,-13.016666666666667,-0.6,-25.6,27.266666666666666,0,6,2019,2,Winter
2019-02-12,-7.016666666666667,-3.2833333333333337,-10.7,1.8,-19.4,25.016666666666666,0,6,2019,2,Winter
2019-02-13,-5.5,-1.7333333333333334,-9.233333333333333,0.8,-15.7,23.5,0,6,2019,2,Winter
2019-02-14,-5.366666666666667,-0.41666666666666635,-10.283333333333333,4.9,-18.4,23.366666666666667,0,6,2019,2,Winter
2019-02-15,-3.466666666666667,1.7833333333333332,-8.616666666666667,5.3,-16.7,21.46666666666667,0,6,2019,2,Winter
2019-02-16,-9.15,-4.783333333333333,-13.450000000000001,-2.7,-24.3,27.15,0,6,2019,2,Winter
2019-02-17,-11.683333333333334,-6.983333333333333,-16.333333333333332,-3.1,-26,29.683333333333334,0,6,2019,2,Winter
2019-02-18,-12.833333333333334,-7.133333333333333,-18.46666666666667,-2.5,-30,30.833333333333332,0,6,2019,2,Winter
2019-02-19,-13.016666666666667,-5.4,-20.583333333333332,-1.3,-26.6,31.016666666666666,0,6,2019,2,Winter
2019-02-20,-8.966666666666667,-2.083333333333333,-15.8,3.3,-23.5,26.966666666666665,0,6,2019,2,Winter
2019-02-21,-1.2600000000000002,2.3200000000000003,-4.82,4.5,-8,19.26,0,5,2019,2,Winter
2019-02-22,-3.46,0.22000000000000003,-7.08,1.8,-10.1,21.46,0,5,2019,2,Winter
2019-02-23,-3.15,1.1666666666666667,-7.4,3.9,-13.9,21.15,0,6,2019,2,Winter
2019-02-24,-0.8666666666666665,4.65,-6.4,9.6,-17.4,18.866666666666667,0,6,2019,2,Winter
2019-02-25,-9.483333333333334,-4.933333333333334,-13.983333333333334,0.3,-25,27.483333333333334,0,6,2019,2,Winter
2019-02-26,-13.066666666666666,-9.4,-16.7,-5.7,-27.2,31.066666666666666,0,6,2019,2,Winter
2019-02-27,-12.983333333333333,-9.016666666666666,-16.9,-3.5,-24,30.983333333333334,0,6,2019,2,Winter
2019-02-28,-12.933333333333334,-5.966666666666667,-19.866666666666667,-3.3,-25,30.933333333333334,0,6,2019,2,Winter
2019-03-01,-9.683333333333334,-2.6333333333333333,-16.683333333333334,-0.5,-21.9,27.683333333333334,0,6,2019,3,Spring
2019-03-02,-6.75,-2.5500000000000003,-10.866666666666667,2.4,-18.4,24.75,0,6,2019,3,Spring
2019-03-03,-10.62,-6.32,-14.879999999999999,-2,-24.7,28.62,0,5,2019,3,Spring
2019-03-04,-13.666666666666666,-9.1,-18.2,-5.7,-26.1,31.666666666666668,0,6,2019,3,Spring
2019-03-05,-14.3,-9.633333333333333,-18.9,-6.4,-28.4,32.3,0,6,2019,3,Spring
2019-03-06,-14.716666666666667,-9.133333333333333,-20.266666666666666,-5.9,-30.2,32.71666666666667,0,6,2019,3,Spring
2019-03-07,-12.4,-6.116666666666666,-18.616666666666667,-3.1,-24,30.400000000000002,0,6,2019,3,Spring
2019-03-08,-9.216666666666667,-0.9666666666666667,-17.400000000000002,1.3,-21.1,27.21666666666667,0,6,2019,3,Spring
2019-03-09,-5.633333333333333,1.2833333333333334,-12.483333333333333,4.9,-17,23.633333333333333,0,6,2019,3,Spring
2019-03-10,0.8333333333333335,4.1,-2.4333333333333336,8.2,-7.4,17.166666666666668,0,6,2019,3,Spring
2019-03-11,-1.65,1.8666666666666667,-5.133333333333333,5.8,-12,19.65,0,6,2019,3,Spring
2019-03-12,-2.6166666666666667,2.7333333333333334,-7.933333333333334,6.6,-16.5,20.616666666666667,0,6,2019,3,Spring
2019-03-13,0.6499999999999999,4.583333333333333,-3.3,10.6,-7.7,17.35,0,6,2019,3,Spring
2019-03-14,5.183333333333334,9.333333333333334,0.9666666666666666,16.4,-1.1,12.816666666666666,0,6,2019,3,Spring
2019-03-15,2.1,6.7,-2.5166666666666666,9.9,-8.3,15.9,0,6,2019,3,Spring
2019-03-16,-3.283333333333333,0.2,-6.716666666666667,3.1,-10.8,21.28333333333333,0,6,2019,3,Spring
2019-03-17,-4.183333333333334,0.7333333333333332,-9.066666666666666,2.5,-15.7,22.183333333333334,0,6,2019,3,Spring
2019-03-18,-3.033333333333333,1.9166666666666665,-7.966666666666667,4.8,-16.1,21.03333333333333,0,6,2019,3,Spring
2019-03-19,-0.49999999999999994,5.583333333333333,-6.633333333333333,8,-13,18.5,0,6,2019,3,Spring
2019-03-20,2.216666666666667,6.933333333333334,-2.533333333333333,9.7,-6.9,15.783333333333333,0,6,2019,3,Spring
2019-03-21,3.45,6.25,0.6333333333333334,9.2,-2,14.549999999999999,0,6,2019,3,Spring
2019-03-22,-1.15,3.2333333333333334,-5.5,6.4,-11.9,19.15,0,6,2019,3,Spring
2019-03-23,-1.5166666666666664,5.516666666666667,-8.55,12.8,-15.1,19.516666666666666,0,6,2019,3,Spring
2019-03-24,0.3999999999999998,6.283333333333333,-5.45,11.3,-9.5,17.6,0,6,2019,3,Spring
2019-03-25,-2.85,2.8666666666666667,-8.55,5.2,-13.7,20.85,0,6,2019,3,Spring
2019-03-26,-1.9,4,-7.8,6.2,-13.4,19.9,0,6,2019,3,Spring
2019-03-27,0.95,7.366666666666667,-5.45,10.3,-9.5,17.05,0,6,2019,3,Spring
2019-03-28,4.383333333333333,10.5,-1.8000000000000003,17.9,-5.7,13.616666666666667,0,6,2019,3,Spring
2019-03-29,3.4,7.416666666666666,-0.6333333333333335,12,-7,14.6,0,6,2019,3,Spring
2019-03-30,0.8,4.1,-2.54,9.7,-10.2,17.2,0,5,2019,3,Spring
2019-03-31,-3.1333333333333333,0.4,-6.6,2.4,-11.2,21.133333333333333,0,6,2019,3,Spring
2019-04-01,-2.2,2.9833333333333334,-7.35,4.8,-12.2,20.2,0,6,2019,4,Spring
2019-04-02,2.5666666666666664,7.016666666666667,-1.9,10.7,-4.9,15.433333333333334,0,6,2019,4,Spring
2019-04-03,1.65,6.216666666666667,-2.9333333333333336,12.5,-8.4,16.35,0,6,2019,4,Spring
2019-04-04,-1.1333333333333333,3.3666666666666667,-5.633333333333334,5.6,-12.8,19.133333333333333,0,6,2019,4,Spring
2019-04-05,1.7166666666666666,5.9,-2.4833333333333334,13.6,-7.5,16.28333333333333,0,6,2019,4,Spring
2019-04-06,6.833333333333333,12.366666666666667,1.2666666666666666,17.8,-2.1,11.166666666666666,0,6,2019,4,Spring
2019-04-07,6.833333333333333,10.95,2.65,20.5,-0.1,11.166666666666666,0,6,2019,4,Spring
2019-04-08,8.34,12.6,4.06,22.4,-2.3,9.66,0,5,2019,4,Spring
2019-04-09,3.466666666666667,6.733333333333333,0.18333333333333357,16.8,-5.1,14.533333333333333,0,6,2019,4,Spring
2019-04-10,1.05,5.116666666666666,-2.966666666666667,8.2,-6.6,16.95,0,6,2019,4,Spring
2019-04-11,0.4500000000000001,3.833333333333333,-2.9499999999999997,8.5,-7.9,17.55,0,6,2019,4,Spring
2019-04-12,6.816666666666666,11.683333333333334,1.9166666666666665,18.6,-2.7,11.183333333333334,0,6,2019,4,Spring
2019-04-13,6.033333333333333,11.4,0.6333333333333333,16.4,-5.2,11.966666666666667,0,6,2019,4,Spring
2019-04-14,2.183333333333333,5.633333333333333,-1.2999999999999998,8.6,-8.2,15.816666666666666,0,6,2019,4,Spring
2019-04-15,3.566666666666667,8.2,-1.1,12.8,-6.8,14.433333333333334,0,6,2019,4,Spring
2019-04-16,4.5,9.466666666666667,-0.4833333333333332,15,-4.6,13.5,0,6,2019,4,Spring
2019-04-17,6.616666666666667,13.466666666666667,-0.28333333333333355,15.3,-3.2,11.383333333333333,0,6,2019,4,Spring
2019-04-18,10.166666666666668,16.433333333333334,3.8833333333333333,21.8,-2.8,7.833333333333334,0,6,2019,4,Spring
2019-04-19,7.58,12.6,2.5,17.4,-4.6,10.42,0,5,2019,4,Spring
2019-04-20,6.22,10.68,1.68,17.9,-3.4,11.78,0,5,2019,4,Spring
2019-04-21,9.44,14.4,4.42,16.6,0.1,8.559999999999999,0,5,2019,4,Spring
2019-04-22,9.216666666666667,15.516666666666666,2.8833333333333337,19.9,-2,8.783333333333333,0,6,2019,4,Spring
2019-04-23,10,16.333333333333332,3.6166666666666667,21.9,-4.5,8,0,6,2019,4,Spring
2019-04-24,6.483333333333333,10.75,2.1666666666666665,15.4,0,11.516666666666666,0,6,2019,4,Spring
2019-04-25,8.85,15.566666666666666,2.05,20.2,-1.4,9.15,0,6,2019,4,Spring
2019-04-26,7.68,11.82,3.5,16.3,-1,10.32,0,5,2019,4,Spring
2019-04-27,3.65,8.366666666666667,-1.0833333333333335,12,-8.2,14.35,0,6,2019,4,Spring
2019-04-28,4.8,9.84,-0.30000000000000016,10.9,-4.4,13.200000000000001,0,5,2019,4,Spring
2019-04-29,2.75,6.616666666666667,-1.1666666666666667,9.6,-3.6,15.25,0,6,2019,4,Spring
2019-04-30,6,9.6,2.35,14.1,-0.6,12,0,6,2019,4,Spring
2019-05-01,6.366666666666667,9.716666666666667,2.9833333333333334,19.3,-1.3,11.633333333333333,0,6,2019,5,Spring
2019-05-02,6.716666666666667,10.549999999999999,2.8499999999999996,19.4,-0.9,11.283333333333333,0,6,2019,5,Spring
2019-05-03,8.033333333333333,11.483333333333334,4.566666666666666,13,0.9,9.966666666666667,0,6,2019,5,Spring
2019-05-04,9.666666666666666,14.9,4.4,16.8,1.3,8.333333333333334,0,6,2019,5,Spring
2019-05-05,10.583333333333334,18.383333333333333,2.7333333333333334,20.6,-0.7,7.416666666666667,0,6,2019,5,Spring
2019-05-06,11.683333333333334,18.883333333333333,4.4,23.9,-3,6.316666666666666,0,6,2019,5,Spring
2019-05-07,7.283333333333333,12.366666666666667,2.15,16.9,-5.4,10.716666666666667,0,6,2019,5,Spring
2019-05-08,7.066666666666666,12.7,1.3833333333333333,15.6,-2.9,10.933333333333334,0,6,2019,5,Spring
2019-05-09,10.35,15.316666666666666,5.366666666666667,22.4,0.8,7.6499999999999995,0,6,2019,5,Spring
2019-05-10,9.283333333333333,15.266666666666666,3.216666666666667,19.9,-1.4,8.716666666666667,0,6,2019,5,Spring
2019-05-11,7.1,13.083333333333332,1.1,16.7,-3.2,10.9,0,6,2019,5,Spring
2019-05-12,8.783333333333333,13.633333333333333,3.9,17.4,-0.8,9.216666666666667,0,6,2019,5,Spring
2019-05-13,8.84,13.440000000000001,4.18,21,-1.9,9.16,0,5,2019,5,Spring
2019-05-14,10.916666666666666,17.15,4.6,21.5,1.8,7.083333333333333,0,6,2019,5,Spring
2019-05-15,11.1,18.03333333333333,4.116666666666666,22.4,1,6.9,0,6,2019,5,Spring
2019-05-16,10.116666666666667,15.95,4.233333333333333,23.8,0,7.883333333333334,0,6,2019,5,Spring
2019-05-17,10.283333333333333,15.75,4.8,18.6,-2.3,7.716666666666667,0,6,2019,5,Spring
2019-05-18,10.46,16.04,4.8,20.6,-1.2,7.54,0,5,2019,5,Spring
2019-05-19,13.283333333333333,18.75,7.783333333333333,27.4,4.2,4.816666666666666,0.1,6,2019,5,Spring
2019-05-20,10.766666666666667,16.883333333333333,4.566666666666666,22.3,0.6,7.233333333333333,0,6,2019,5,Spring
2019-05-21,11.016666666666666,18.366666666666667,3.6166666666666667,20.5,-0.8,6.983333333333333,0,6,2019,5,Spring
2019-05-22,11.466666666666667,16.28333333333333,6.6,20.4,4.1,6.533333333333333,0,6,2019,5,Spring
2019-05-23,16.54,23.2,9.84,26.6,7.8,1.96,0.5,5,2019,5,Spring
2019-05-24,13.466666666666667,17.55,9.333333333333334,21.4,5.9,4.533333333333333,0,6,2019,5,Spring
2019-05-25,16.25,22.433333333333334,10.033333333333333,30,5.4,2.75,1,6,2019,5,Spring
2019-05-26,14.85,20.150000000000002,9.516666666666666,23.1,5.5,3.1500000000000004,0,6,2019,5,Spring
2019-05-27,12.433333333333334,18.150000000000002,6.633333333333333,23.1,-0.6,5.566666666666666,0,6,2019,5,Spring
2019-05-28,12.916666666666666,17.85,7.916666666666667,28,-2.2,5.55,0.4666666666666666,6,2019,5,Spring
2019-05-29,13.683333333333334,18.766666666666666,8.516666666666666,22.7,3,4.316666666666666,0,6,2019,5,Spring
2019-05-30,15.133333333333333,20.75,9.483333333333333,21.8,5.3,2.8666666666666667,0,6,2019,5,Spring
2019-05-31,12.883333333333333,19.116666666666667,6.6000000000000005,26.5,2.9,5.233333333333333,0.11666666666666665,6,2019,5,Spring
2019-06-01,15.166666666666666,21.016666666666666,9.25,24.8,1.2,3.3833333333333333,0.55,6,2019,6,Summer
2019-06-02,12,18.566666666666666,5.366666666666666,21.5,-1.6,6,0,6,2019,6,Summer
2019-06-03,10.383333333333333,16.233333333333334,4.483333333333333,17.8,-1.2,7.616666666666667,0,6,2019,6,Summer
2019-06-04,11.566666666666666,17.3,5.75,23.6,2.1,6.433333333333334,0,6,2019,6,Summer
2019-06-05,16.14,20.36,11.879999999999999,25.7,6.7,2.6,0.74,5,2019,6,Summer
2019-06-06,17.259999999999998,23.54,10.94,26.2,6.4,0.88,0.13999999999999999,5,2019,6,Summer
2019-06-07,17.1,24.583333333333332,9.583333333333334,26.3,6.8,1.25,0.35,6,2019,6,Summer
2019-06-08,18.84,26.04,11.58,27,8.5,0.13999999999999999,0.98,5,2019,6,Summer
2019-06-09,19.35,27.116666666666667,11.566666666666666,30.1,5.9,0.31666666666666665,1.6666666666666665,6,2019,6,Summer
2019-06-10,16.9,21.9,11.84,28.5,9.8,1.8399999999999999,0.74,5,2019,6,Summer
2019-06-11,14.85,21.95,7.666666666666667,24.9,3.9,3.1500000000000004,0,6,2019,6,Summer
2019-06-12,15.016666666666666,21.766666666666666,8.183333333333334,24.5,3.9,3.1,0.11666666666666665,6,2019,6,Summer
2019-06-13,13.816666666666666,18.016666666666666,9.549999999999999,22.9,1.8,4.183333333333334,0,6,2019,6,Summer
2019-06-14,14.866666666666667,20.7,9,23.1,3.8,3.1333333333333333,0,6,2019,6,Summer
2019-06-15,14.68,19.74,9.58,20.9,2.1,3.32,0,5,2019,6,Summer
2019-06-16,13.983333333333334,18.78333333333333,9.15,20.5,5.5,4.016666666666667,0,6,2019,6,Summer
2019-06-20,16.766666666666666,20.866666666666667,12.6,24.7,4.8,1.3833333333333333,0.15,6,2019,6,Summer
2019-06-21,16.916666666666668,22.483333333333334,11.283333333333333,25.1,6.1,1.55,0.4666666666666667,6,2019,6,Summer
2019-06-22,17.2,24.383333333333333,9.966666666666667,26.2,3,1.2,0.4,6,2019,6,Summer
2019-06-23,17.75,25.21666666666667,10.25,28.1,6.6,0.9833333333333333,0.7333333333333333,6,2019,6,Summer
2019-06-24,18.95,24.033333333333335,13.816666666666666,27.6,10.6,1.0333333333333334,1.9833333333333334,6,2019,6,Summer
2019-06-25,21.133333333333333,26.8,15.4,29,12.1,0,3.1333333333333333,6,2019,6,Summer
2019-06-26,21.9,28.416666666666668,15.333333333333334,30.3,11.8,0,3.9,6,2019,6,Summer
2019-06-27,22.016666666666666,29.3,14.683333333333334,30.5,10.6,0,4.016666666666667,6,2019,6,Summer
2019-06-28,21.883333333333333,28.45,15.25,31.7,11,0,3.8833333333333333,6,2019,6,Summer
2019-06-29,22.78333333333333,29.15,16.366666666666667,31.6,12.5,0,4.783333333333333,6,2019,6,Summer
2019-06-30,18.716666666666665,23.833333333333332,13.533333333333333,26.9,10.8,0.5166666666666666,1.2333333333333334,6,2019,6,Summer
2019-07-01,20.583333333333332,28.53333333333333,12.583333333333334,32.1,10.3,0,2.583333333333333,6,2019,7,Summer
2019-07-02,22.16,28.38,15.86,29.9,9.6,0,4.16,5,2019,7,Summer
2019-07-03,22.85,29.25,16.4,30.8,11,0,4.85,6,2019,7,Summer
2019-07-04,23.15,29.616666666666667,16.633333333333333,32.3,11.6,0.13333333333333333,5.283333333333333,6,2019,7,Summer
2019-07-05,25.266666666666666,31.4,19.099999999999998,33.5,14.6,0,7.266666666666667,6,2019,7,Summer
2019-07-06,22,26.96666666666667,17,31,10.1,0.5166666666666667,4.516666666666667,6,2019,7,Summer
2019-07-07,19.183333333333334,24.6,13.733333333333334,26.8,7.6,0.5666666666666667,1.75,6,2019,7,Summer
2019-07-08,19.05,26.516666666666666,11.516666666666666,27.4,7.5,0.08333333333333333,1.1333333333333333,6,2019,7,Summer
2019-07-09,20.766666666666666,27.95,13.533333333333333,29.9,11.7,0,2.7666666666666666,6,2019,7,Summer
2019-07-10,22.03333333333333,29.216666666666665,14.8,32.8,13.4,0,4.033333333333333,6,2019,7,Summer
2019-07-11,22.116666666666667,28.683333333333334,15.466666666666667,31,9.8,0,4.116666666666667,6,2019,7,Summer
2019-07-12,20.183333333333334,25.55,14.8,29.3,11.1,0,2.1833333333333336,6,2019,7,Summer
2019-07-13,22.1,29.4,14.783333333333333,32.8,12.1,0,4.1,6,2019,7,Summer
2019-07-14,20.1,26.716666666666665,13.416666666666666,28.8,10.1,0,2.1,6,2019,7,Summer
2019-07-15,20.96666666666667,28.349999999999998,13.516666666666666,32.4,9.9,0,2.966666666666667,6,2019,7,Summer
2019-07-16,23.55,29.4,17.683333333333334,31.8,14.9,0,5.55,6,2019,7,Summer
2019-07-17,22.666666666666668,27.433333333333334,17.85,30,12.4,0.13333333333333333,4.8,6,2019,7,Summer
2019-07-18,22.883333333333333,28.566666666666666,17.133333333333333,31.4,14.6,0,4.883333333333333,6,2019,7,Summer
2019-07-19,25.583333333333332,31.066666666666666,20.1,33,14.7,0,7.583333333333333,6,2019,7,Summer
2019-07-20,26.05,32.3,19.75,35.3,12.6,0,8.05,6,2019,7,Summer
2019-07-21,22.2,27.26,17.04,30.5,10,0.3,4.5,5,2019,7,Summer
2019-07-22,19.366666666666667,24.766666666666666,13.933333333333334,26.3,9.1,0.049999999999999996,1.4166666666666667,6,2019,7,Summer
2019-07-23,19.083333333333332,25.816666666666666,12.316666666666666,27.6,8.8,0.26666666666666666,1.35,6,2019,7,Summer
2019-07-24,19.55,26.21666666666667,12.816666666666666,29.1,8.9,0.13333333333333333,1.6833333333333333,6,2019,7,Summer
2019-07-25,21.5,28.416666666666668,14.516666666666667,29.9,13.1,0,3.5,6,2019,7,Summer
2019-07-26,22.28333333333333,28.75,15.75,31.9,13.6,0,4.283333333333333,6,2019,7,Summer
2019-07-27,22.483333333333334,28.183333333333334,16.78333333333333,31.9,13.6,0,4.483333333333333,6,2019,7,Summer
2019-07-28,24.016666666666666,29.53333333333333,18.433333333333334,31.8,13,0,6.016666666666667,6,2019,7,Summer
2019-07-29,24.1,29.86,18.3,32,13.2,0,6.1,5,2019,7,Summer
2019-07-30,21.616666666666667,27.066666666666666,16.116666666666667,29.8,9.2,0.2833333333333333,3.9,6,2019,7,Summer
2019-07-31,19.533333333333335,25.95,13.066666666666666,28.7,7.1,0.5833333333333334,2.1166666666666667,6,2019,7,Summer
2019-08-01,19.233333333333334,26.3,12.133333333333333,28.1,8.4,0.19999999999999998,1.4333333333333333,6,2019,8,Summer
2019-08-02,20.566666666666666,28.016666666666666,13.083333333333334,29.7,10.5,0,2.566666666666667,6,2019,8,Summer
2019-08-03,20.566666666666666,27.166666666666668,13.933333333333334,29.8,12.6,0,2.5666666666666664,6,2019,8,Summer
2019-08-04,20.133333333333333,26.566666666666666,13.666666666666666,29.5,7.8,0.35,2.4833333333333334,6,2019,8,Summer
2019-08-05,21.083333333333332,28,14.116666666666667,31,9.7,0,3.0833333333333335,6,2019,8,Summer
2019-08-06,22.2,27.333333333333332,17,29.8,11.4,0,4.2,6,2019,8,Summer
2019-08-07,21.483333333333334,26.866666666666667,16.05,29,12.9,0,3.4833333333333334,6,2019,8,Summer
2019-08-08,20.383333333333333,26.166666666666668,14.55,29.2,9.9,0.16666666666666666,2.55,6,2019,8,Summer
2019-08-09,18.44,24.54,12.32,25.9,10.5,0.34,0.78,5,2019,8,Summer
2019-08-10,18.4,24.22,12.48,27.7,8.8,0.72,1.12,5,2019,8,Summer
2019-08-11,19.866666666666667,27.65,12,28.9,10.2,0,1.8666666666666667,6,2019,8,Summer
2019-08-12,22.54,28.78,16.28,30.6,8.1,0.18,4.72,5,2019,8,Summer
2019-08-13,20.816666666666666,26.1,15.45,29.7,9.9,0.5499999999999999,3.3666666666666667,6,2019,8,Summer
2019-08-14,18.733333333333334,24.416666666666664,13.016666666666667,28.2,5.8,1.1833333333333333,1.9166666666666667,6,2019,8,Summer
2019-08-15,18.71666666666667,24.45,12.95,26.4,7.5,0.48333333333333334,1.2,6,2019,8,Summer
2019-08-16,19.78333333333333,25.833333333333332,13.7,26.8,9.4,0.13333333333333333,1.9166666666666665,6,2019,8,Summer
2019-08-17,21.366666666666667,26.683333333333334,16,29.6,11.4,0.016666666666666666,3.3833333333333333,6,2019,8,Summer
2019-08-18,21.55,26.53333333333333,16.516666666666666,29.2,9.4,0.48333333333333334,4.033333333333333,6,2019,8,Summer
2019-08-19,21.05,27.3,14.783333333333333,30.4,7.6,0.08333333333333333,3.1333333333333333,6,2019,8,Summer
2019-08-20,21.166666666666668,27.583333333333332,14.733333333333333,30,10.4,0.2333333333333333,3.4,6,2019,8,Summer
2019-08-21,21.15,27.133333333333333,15.133333333333333,30.4,9,0.6333333333333333,3.783333333333333,6,2019,8,Summer
2019-08-22,16.816666666666666,21.983333333333334,11.583333333333334,24.7,7,1.8,0.6166666666666667,6,2019,8,Summer
2019-08-23,16.066666666666666,21.633333333333333,10.433333333333334,24.2,6.4,2.25,0.3166666666666667,6,2019,8,Summer
2019-08-24,16.183333333333334,22.6,9.716666666666667,24.9,5.4,1.8333333333333333,0.01666666666666667,6,2019,8,Summer
2019-08-25,17.78333333333333,24.333333333333336,11.2,26.6,6.6,0.6666666666666666,0.45,6,2019,8,Summer
2019-08-26,18.966666666666665,24.116666666666667,13.733333333333333,27.3,10.5,0,0.9666666666666667,6,2019,8,Summer
2019-08-27,19.45,23.916666666666664,14.95,27.4,11.4,0.18333333333333335,1.6333333333333333,6,2019,8,Summer
2019-08-28,18.516666666666666,23,14,27.1,9.6,0.8666666666666666,1.3833333333333333,6,2019,8,Summer
2019-08-29,18.083333333333336,23.6,12.533333333333333,26.2,9.8,0.7333333333333334,0.8166666666666665,6,2019,8,Summer
2019-08-30,17.099999999999998,22.383333333333333,11.766666666666666,25.6,7.1,1.7166666666666668,0.8166666666666667,6,2019,8,Summer
2019-08-31,15.45,21.916666666666668,8.95,23.1,4,2.55,0,6,2019,8,Summer
2019-09-01,16.016666666666666,20.616666666666667,11.35,24,8,1.9833333333333334,0,6,2019,9,Fall
2019-09-02,18.04,23.2,12.84,26.8,6.5,1.34,1.38,5,2019,9,Fall
2019-09-03,15.783333333333333,20.583333333333332,10.95,25,7.6,2.4833333333333334,0.26666666666666666,6,2019,9,Fall
2019-09-04,15.42,21.28,9.52,22.9,7.2,2.58,0,5,2019,9,Fall
2019-09-05,14.216666666666667,20.683333333333334,7.733333333333333,22.2,4.9,3.783333333333333,0,6,2019,9,Fall
2019-09-06,15.616666666666667,20.21666666666667,10.983333333333333,21.8,9,2.3833333333333333,0,6,2019,9,Fall
2019-09-07,15.55,20.25,10.85,24.6,7.3,2.8,0.35,6,2019,9,Fall
2019-09-08,12.6,17.383333333333333,7.733333333333333,20.5,2.8,5.4,0,6,2019,9,Fall
2019-09-09,12.283333333333333,18.3,6.2,20.5,0.9,5.716666666666667,0,6,2019,9,Fall
2019-09-10,15.533333333333333,21.233333333333334,9.75,28.9,3.2,3.0999999999999996,0.6333333333333333,6,2019,9,Fall
2019-09-11,19.333333333333332,24.016666666666666,14.616666666666667,30.1,8.9,1.9166666666666665,3.25,6,2019,9,Fall
2019-09-12,14.883333333333333,18.53333333333333,11.133333333333333,21.9,7.2,3.3833333333333333,0.2666666666666667,6,2019,9,Fall
2019-09-13,16.816666666666666,22.4,11.183333333333334,30,6.4,2.3666666666666667,1.1833333333333333,6,2019,9,Fall
2019-09-14,15.85,20.933333333333334,10.75,23.8,7,2.25,0.1,6,2019,9,Fall
2019-09-15,14.3,19.333333333333332,9.183333333333334,23.5,6,3.716666666666667,0.01666666666666667,6,2019,9,Fall
2019-09-16,16.416666666666668,21.166666666666668,11.6,25.8,4.5,2.3,0.7166666666666666,6,2019,9,Fall
2019-09-17,16.833333333333332,22.9,10.7,23.2,6.6,1.25,0.08333333333333334,6,2019,9,Fall
2019-09-18,17.616666666666667,23.316666666666666,11.866666666666667,25.7,7.7,0.85,0.4666666666666667,6,2019,9,Fall
2019-09-19,17.55,23.674999999999997,11.35,24.4,5.4,0.825,0.375,4,2019,9,Fall
2019-09-20,18.333333333333332,24.716666666666665,11.883333333333333,28,9.3,0.6666666666666666,1,6,2019,9,Fall
2019-09-21,21.099999999999998,27.88,14.26,29.1,11.5,0,3.1,5,2019,9,Fall
2019-09-22,21.866666666666667,26.183333333333334,17.46666666666667,31.3,11.9,0.4333333333333334,4.3,6,2019,9,Fall
2019-09-23,18.016666666666666,22.983333333333334,13,25.2,7.6,1.0833333333333333,1.1,6,2019,9,Fall
2019-09-24,15.4,21.333333333333332,9.416666666666666,24.4,5.1,2.6,0,6,2019,9,Fall
2019-09-25,17.3,23.419999999999998,11.139999999999999,27.2,4.5,1.68,0.98,5,2019,9,Fall
2019-09-26,13.533333333333333,19.516666666666666,7.533333333333333,22.8,5.6,4.466666666666667,0,6,2019,9,Fall
2019-09-27,13.233333333333334,20.55,5.883333333333333,24.6,1.1,4.766666666666667,0,6,2019,9,Fall
2019-09-28,13.033333333333333,18.383333333333333,7.616666666666666,22.7,0.2,4.966666666666667,0,6,2019,9,Fall
2019-09-29,10.85,14.733333333333334,6.9,18.3,2.4,7.15,0,6,2019,9,Fall
2019-09-30,14.216666666666667,18.383333333333333,10.016666666666667,25,5.7,4.033333333333333,0.25,6,2019,9,Fall
2019-10-01,17.65,24.016666666666666,11.266666666666667,31.8,3.2,3.1,2.75,6,2019,10,Fall
2019-10-02,11.416666666666666,16.066666666666666,6.733333333333333,23.8,0.4,6.7,0.11666666666666665,6,2019,10,Fall
2019-10-03,8.833333333333334,11.383333333333333,6.266666666666667,20.4,2.1,9.166666666666666,0,6,2019,10,Fall
2019-10-04,7.266666666666667,11.5,2.966666666666667,14.8,-1,10.733333333333334,0,6,2019,10,Fall
2019-10-05,8.6,13.899999999999999,3.2600000000000002,16.9,-3.1,9.4,0,5,2019,10,Fall
2019-10-06,13.85,18.516666666666666,9.116666666666667,21.3,5.1,4.15,0,6,2019,10,Fall
2019-10-07,11.6,17.35,5.783333333333333,20.2,0.1,6.4,0,6,2019,10,Fall
2019-10-08,10.883333333333333,18.233333333333334,3.4833333333333334,20,-1.9,7.116666666666667,0,6,2019,10,Fall
2019-10-09,12.066666666666666,18.433333333333334,5.683333333333334,20.1,1.8,5.933333333333334,0,6,2019,10,Fall
2019-10-10,12.016666666666666,18.2,5.75,21.8,2.6,5.983333333333333,0,6,2019,10,Fall
2019-10-11,12.9,19.866666666666667,5.9,22,2.6,5.1,0,6,2019,10,Fall
2019-10-12,7.75,11.966666666666667,3.466666666666667,15.6,0.2,10.25,0,6,2019,10,Fall
2019-10-13,8.84,14.5,3.12,17.4,-2.1,9.16,0,5,2019,10,Fall
2019-10-14,6.183333333333334,10.65,1.6833333333333333,12.4,-2.1,11.816666666666666,0,6,2019,10,Fall
2019-10-15,7.183333333333334,13.516666666666666,0.7999999999999999,17.7,-0.8,10.816666666666666,0,6,2019,10,Fall
2019-10-16,9.48,14.1,4.8,16.6,-1.2,8.52,0,5,2019,10,Fall
2019-10-17,6.45,8.983333333333333,3.8666666666666667,12.5,-3.2,11.55,0,6,2019,10,Fall
2019-10-18,5.516666666666667,10.549999999999999,0.4333333333333333,12.7,-2.5,12.483333333333334,0,6,2019,10,Fall
2019-10-19,6.466666666666667,12.7,0.19999999999999998,16.2,-2.5,11.533333333333333,0,6,2019,10,Fall
2019-10-20,10.06,17.34,2.6999999999999997,20.1,-0.7,7.94,0,5,2019,10,Fall
2019-10-21,10.4,15.65,5.1000000000000005,20.4,1.2,7.6,0,6,2019,10,Fall
2019-10-22,10.966666666666667,14.533333333333333,7.35,17.3,5.1,7.033333333333333,0,6,2019,10,Fall
2019-10-23,8.416666666666666,11.883333333333333,4.9,15.3,1.9,9.583333333333334,0,6,2019,10,Fall
2019-10-24,7.26,11.7,2.76,14.4,-4.3,10.74,0,5,2019,10,Fall
2019-10-25,4.95,9.783333333333333,0.08333333333333318,11.7,-5.3,13.05,0,6,2019,10,Fall
2019-10-26,5.3,11.6,-1.05,14.1,-2.7,12.7,0,6,2019,10,Fall
2019-10-27,8.066666666666666,11.983333333333334,4.1,15.1,-2.2,9.933333333333334,0,6,2019,10,Fall
2019-10-28,7.6000000000000005,13.25,1.9166666666666665,17.3,-2.5,10.4,0,6,2019,10,Fall
2019-10-29,8.116666666666667,13.533333333333333,2.65,18.3,-5.6,9.883333333333333,0,6,2019,10,Fall
2019-10-30,5.15,7.466666666666667,2.8166666666666664,12.7,-6.5,12.85,0,6,2019,10,Fall
2019-10-31,4.05,7.016666666666667,1.0833333333333335,10.6,-4.6,13.95,0,6,2019,10,Fall
2019-11-01,0.9166666666666667,3.9166666666666665,-2.0833333333333335,8.8,-6.2,17.083333333333332,0,6,2019,11,Fall
2019-11-02,2,5.033333333333333,-1.0166666666666666,8.6,-3.4,16,0,6,2019,11,Fall
2019-11-03,2.66,6.2,-0.9199999999999999,8.2,-4.8,15.34,0,5,2019,11,Fall
2019-11-04,4.133333333333333,8.883333333333333,-0.6000000000000001,12.3,-7.4,13.866666666666667,0,6,2019,11,Fall
2019-11-05,1.4833333333333332,5.75,-2.7833333333333337,9.8,-8.4,16.516666666666666,0,6,2019,11,Fall
2019-11-06,-1.2333333333333334,2.6666666666666665,-5.133333333333333,6.4,-9.3,19.233333333333334,0,6,2019,11,Fall
2019-11-07,-2.325,0.675,-5.25,2.8,-10.5,20.325,0,4,2019,11,Fall
2019-11-08,-4.916666666666667,-1.1,-8.666666666666666,2.9,-12.5,22.916666666666668,0,6,2019,11,Fall
2019-11-09,-2.3000000000000003,1.6999999999999997,-6.266666666666667,4.1,-9.9,20.3,0,6,2019,11,Fall
2019-11-10,-1.0666666666666669,3.3166666666666664,-5.45,7.8,-15.2,19.066666666666666,0,6,2019,11,Fall
2019-11-11,-5.96,-3.1,-8.74,0.4,-19.1,23.96,0,5,2019,11,Fall
2019-11-12,-9.86,-6.86,-12.8,-3.7,-17.1,27.86,0,5,2019,11,Fall
2019-11-13,-8.833333333333332,-4.266666666666667,-13.366666666666667,-1.7,-18.1,26.833333333333336,0,6,2019,11,Fall
2019-11-14,-3.083333333333333,-0.6,-5.533333333333333,0.5,-10,21.083333333333332,0,6,2019,11,Fall
2019-11-15,-5.016666666666667,0.0333333333333334,-10.016666666666667,3,-16,23.016666666666666,0,6,2019,11,Fall
2019-11-16,-7.683333333333334,-2.4,-12.9,4.2,-19.4,25.683333333333334,0,6,2019,11,Fall
2019-11-17,-3.15,1.35,-7.666666666666667,4.3,-14.4,21.15,0,6,2019,11,Fall
2019-11-18,0.2333333333333334,3.2666666666666666,-2.8000000000000003,8,-7.8,17.766666666666666,0,6,2019,11,Fall
2019-11-19,0.7666666666666666,3.5,-1.9833333333333334,6.1,-6.7,17.233333333333334,0,6,2019,11,Fall
2019-11-20,2.05,5.233333333333333,-1.1833333333333333,8.6,-5.7,15.950000000000001,0,6,2019,11,Fall
2019-11-21,2.25,6.433333333333334,-1.9333333333333336,11.3,-9.5,15.75,0,6,2019,11,Fall
2019-11-22,-0.38333333333333347,5.316666666666666,-6.1,10.4,-11.3,18.383333333333333,0,6,2019,11,Fall
2019-11-23,-1,3.8333333333333335,-5.8,6.1,-8.6,19,0,6,2019,11,Fall
2019-11-24,1.1500000000000001,5.3999999999999995,-3.1333333333333333,7.2,-5.7,16.85,0,6,2019,11,Fall
2019-11-25,3.8,6.616666666666667,0.9333333333333333,9.4,-1.6,14.2,0,6,2019,11,Fall
2019-11-26,3.916666666666667,7.9,-0.06666666666666672,11.3,-4.6,14.083333333333332,0,6,2019,11,Fall
2019-11-27,2.7166666666666663,5.716666666666667,-0.31666666666666676,12.4,-7.1,15.283333333333333,0,6,2019,11,Fall
2019-11-28,-1.3666666666666667,1.5166666666666668,-4.216666666666667,6,-10,19.366666666666667,0,6,2019,11,Fall
2019-11-29,-3.75,-1.9333333333333333,-5.533333333333333,2.3,-11,21.75,0,6,2019,11,Fall
2019-11-30,-3.2600000000000002,-1.1,-5.38,4.1,-11.7,21.26,0,5,2019,11,Fall
2019-12-01,-4.9,-1.4800000000000004,-8.28,6.6,-13.5,22.9,0,5,2019,12,Winter
2019-12-02,-3.5249999999999995,0.675,-7.7250000000000005,2.4,-15.4,21.525,0,4,2019,12,Winter
2019-12-03,-3.2399999999999998,0.42,-6.84,1.2,-10.3,21.240000000000002,0,5,2019,12,Winter
2019-12-04,-2.1333333333333333,0.6666666666666667,-4.916666666666667,3.2,-12.2,20.133333333333333,0,6,2019,12,Winter
2019-12-05,-3.7666666666666666,-1.3499999999999999,-6.1499999999999995,3.3,-15.4,21.766666666666666,0,6,2019,12,Winter
2019-12-06,-5.116666666666666,-1.4499999999999997,-8.733333333333333,5.2,-17.7,23.116666666666667,0,6,2019,12,Winter
2019-12-07,-5.866666666666667,-0.7333333333333334,-11,1.8,-18,23.866666666666667,0,6,2019,12,Winter
2019-12-08,-0.5166666666666668,5.083333333333333,-6.133333333333333,8.2,-14,18.516666666666666,0,6,2019,12,Winter
2019-12-09,0.7499999999999993,4.133333333333333,-2.666666666666667,10.4,-20.6,17.25,0,6,2019,12,Winter
2019-12-10,-6.05,0.3499999999999995,-12.416666666666666,10.1,-22.9,24.05,0,6,2019,12,Winter
2019-12-11,-10.233333333333333,-6.616666666666666,-13.8,-2.1,-23.8,28.233333333333334,0,6,2019,12,Winter
2019-12-12,-8.083333333333334,-2.9499999999999997,-13.166666666666666,1.2,-20.2,26.083333333333336,0,6,2019,12,Winter
2019-12-13,-1.75,1.9,-5.4,5.7,-12.6,19.75,0,6,2019,12,Winter
2019-12-14,-2.166666666666667,0.7333333333333334,-5.083333333333334,5.5,-17.8,20.166666666666668,0,6,2019,12,Winter
2019-12-15,-7.883333333333334,-3.833333333333333,-11.866666666666667,1.6,-24,25.883333333333333,0,6,2019,12,Winter
2019-12-16,-6.65,-2.066666666666667,-11.183333333333334,1.8,-21.8,24.650000000000002,0,6,2019,12,Winter
2019-12-17,-5.916666666666667,-2.8166666666666664,-8.966666666666667,1.8,-23.2,23.916666666666668,0,6,2019,12,Winter
2019-12-18,-12.45,-5.716666666666667,-19.15,-1.9,-27,30.45,0,6,2019,12,Winter
2019-12-19,-13.283333333333333,-8.549999999999999,-17.95,-1.7,-27.7,31.28333333333333,0,6,2019,12,Winter
2019-12-20,-9.366666666666667,-4.8,-13.866666666666667,1.6,-20.9,27.366666666666667,0,6,2019,12,Winter
2019-12-21,-4.233333333333333,1.416666666666667,-9.833333333333334,6.9,-16.6,22.233333333333334,0,6,2019,12,Winter
2019-12-22,-0.14000000000000004,5.6000000000000005,-5.9,8.8,-12,18.14,0,5,2019,12,Winter
2019-12-23,1.8666666666666667,6.7,-2.9833333333333334,11.5,-9.8,16.133333333333333,0,6,2019,12,Winter
2019-12-24,-2.466666666666667,0.25,-5.1499999999999995,3.7,-8.2,20.466666666666665,0,6,2019,12,Winter
2019-12-25,-0.65,1.7833333333333337,-3.066666666666667,8.9,-7.4,18.65,0,6,2019,12,Winter
2019-12-26,1.133333333333333,4.483333333333333,-2.2666666666666666,14.1,-7.2,16.866666666666667,0,6,2019,12,Winter
2019-12-27,2.2500000000000004,6.433333333333334,-1.9333333333333336,11.7,-10.8,15.75,0,6,2019,12,Winter
2019-12-28,-1.1666666666666667,2.1166666666666667,-4.416666666666666,4.8,-14.8,19.166666666666668,0,6,2019,12,Winter
2019-12-29,-0.6499999999999999,1.5166666666666666,-2.85,8.6,-7.9,18.65,0,6,2019,12,Winter
2019-12-30,1.15,4.7,-2.4,10.2,-7,16.85,0,6,2019,12,Winter
2019-12-31,-3.2333333333333334,-0.4499999999999999,-6.016666666666667,2.3,-22.2,21.233333333333334,0,6,2019,12,Winter
2020-01-01,-3.18,0.52,-6.859999999999999,2.6,-22.7,21.18,0,5,2020,1,Winter
2020-01-02,1.2666666666666666,4.666666666666667,-2.1333333333333333,8.8,-5.8,16.733333333333334,0,6,2020,1,Winter
2020-01-03,1.5999999999999999,3.533333333333333,-0.3500000000000001,7.1,-8,16.4,0,6,2020,1,Winter
2020-01-04,-1.95,0.5833333333333333,-4.5,3,-12,19.95,0,6,2020,1,Winter
2020-01-05,-3.7666666666666666,-0.7666666666666666,-6.716666666666667,3.8,-13.1,21.766666666666666,0,6,2020,1,Winter
2020-01-06,-3.8500000000000005,0.05000000000000012,-7.733333333333333,6.7,-16.7,21.849999999999998,0,6,2020,1,Winter
2020-01-07,-3.466666666666667,1.7833333333333334,-8.7,5.8,-17.7,21.466666666666665,0,6,2020,1,Winter
2020-01-08,-9.466666666666667,-3.95,-14.933333333333334,-0.7,-23,27.46666666666667,0,6,2020,1,Winter
2020-01-09,-7.716666666666667,-0.433333333333333,-14.933333333333334,7.9,-24.4,25.71666666666667,0,6,2020,1,Winter
2020-01-10,0.3999999999999998,4.6000000000000005,-3.8,9.8,-18.4,17.6,0,6,2020,1,Winter
2020-01-11,-1.3,4.716666666666666,-7.316666666666667,12.6,-28.3,19.3,0,6,2020,1,Winter
2020-01-12,-7.866666666666667,-3.666666666666667,-12,2.5,-24.9,25.866666666666667,0,6,2020,1,Winter
2020-01-13,-3.5,-0.23999999999999985,-6.699999999999999,3.6,-11.7,21.5,0,5,2020,1,Winter
2020-01-14,-2.8666666666666667,0.08333333333333348,-5.816666666666667,5.9,-18.1,20.866666666666667,0,6,2020,1,Winter
2020-01-15,-1,2,-4,4.8,-10.3,19,0,5,2020,1,Winter
2020-01-16,-7.4799999999999995,-1.3,-13.64,2.5,-25,25.48,0,5,2020,1,Winter
2020-01-17,-13.5,-8.983333333333334,-17.933333333333334,-2.9,-28.4,31.5,0,6,2020,1,Winter
2020-01-18,-7,-3.083333333333333,-10.866666666666667,4.1,-19.1,25,0,6,2020,1,Winter
2020-01-19,-9.983333333333333,-5.366666666666666,-14.55,0.4,-21.1,27.983333333333334,0,6,2020,1,Winter
2020-01-20,-12.5,-7.016666666666667,-17.95,-3.4,-22.4,30.5,0,6,2020,1,Winter
2020-01-21,-8.766666666666666,-3.2666666666666666,-14.2,-2.1,-22.3,26.766666666666666,0,6,2020,1,Winter
2020-01-22,-3.7333333333333334,-0.5833333333333333,-6.85,1.4,-8.7,21.733333333333334,0,6,2020,1,Winter
2020-01-23,-2.2333333333333334,0.8499999999999999,-5.25,2.3,-8.4,20.233333333333334,0,6,2020,1,Winter
2020-01-24,-0.21666666666666656,2.0833333333333335,-2.533333333333333,3.7,-8,18.21666666666667,0,6,2020,1,Winter
2020-01-25,0.6166666666666667,1.9,-0.7000000000000001,3.6,-3,17.383333333333333,0,6,2020,1,Winter
2020-01-26,0.1333333333333333,1.5,-1.2333333333333334,3.2,-4.6,17.866666666666667,0,6,2020,1,Winter
2020-01-27,-1.5666666666666669,-0.43333333333333324,-2.683333333333333,2.2,-9.2,19.566666666666666,0,6,2020,1,Winter
2020-01-28,-4.383333333333333,-1.4500000000000002,-7.283333333333333,1.8,-15,22.383333333333333,0,6,2020,1,Winter
2020-01-29,-7.0166666666666675,-4.283333333333333,-9.683333333333334,-0.3,-16.2,25.016666666666666,0,6,2020,1,Winter
2020-01-30,-6.683333333333334,-3.3166666666666664,-10,-0.4,-18.1,24.683333333333334,0,6,2020,1,Winter
2020-01-31,-4.583333333333334,-1.6166666666666667,-7.516666666666667,0.6,-15.6,22.583333333333332,0,6,2020,1,Winter
2020-02-01,-2.5166666666666666,0.4499999999999999,-5.416666666666666,2.9,-12.7,20.516666666666666,0,6,2020,2,Winter
2020-02-02,-0.6333333333333333,2.8,-4.05,11.2,-8.3,18.633333333333333,0,6,2020,2,Winter
2020-02-03,-0.14999999999999983,3.316666666666667,-3.6333333333333333,8.4,-12.7,18.15,0,6,2020,2,Winter
2020-02-04,-4.95,-0.6833333333333333,-9.183333333333334,2.6,-22.9,22.95,0,6,2020,2,Winter
2020-02-05,-8.2,-2.8,-13.55,1.7,-27.8,26.2,0,6,2020,2,Winter
2020-02-06,-6.316666666666666,-3.716666666666667,-8.883333333333333,-2,-15,24.316666666666666,0,6,2020,2,Winter
2020-02-07,-10.766666666666666,-6.433333333333334,-15.016666666666666,0.4,-30,28.766666666666666,0,6,2020,2,Winter
2020-02-08,-13.85,-8.816666666666666,-18.816666666666666,-2.4,-29.7,31.85,0,6,2020,2,Winter
2020-02-09,-8.966666666666667,-2.4833333333333334,-15.4,1.3,-26.3,26.96666666666667,0,6,2020,2,Winter
2020-02-10,-3.95,0.41666666666666674,-8.283333333333333,2.9,-25.2,21.95,0,6,2020,2,Winter
2020-02-11,-2.48,0.7200000000000002,-5.62,3.7,-10.4,20.48,0,5,2020,2,Winter
2020-02-12,-5.783333333333333,-0.6666666666666666,-10.833333333333334,1.8,-26.3,23.783333333333335,0,6,2020,2,Winter
2020-02-13,-14.2,-6.800000000000001,-21.580000000000002,0.4,-32.2,32.2,0,5,2020,2,Winter
2020-02-14,-16.483333333333334,-9.533333333333333,-23.383333333333333,-5.5,-33.4,34.483333333333334,0,6,2020,2,Winter
2020-02-15,-7.116666666666667,-1.3666666666666667,-12.816666666666666,1.3,-16.9,25.116666666666667,0,6,2020,2,Winter
2020-02-16,-5.183333333333333,-0.3666666666666667,-9.983333333333333,4.8,-26.4,23.183333333333334,0,6,2020,2,Winter
2020-02-17,-8.5,-2.6,-14.366666666666667,1,-28.3,26.5,0,6,2020,2,Winter
2020-02-18,-3.1333333333333337,1.6833333333333333,-7.95,5.8,-16.9,21.133333333333333,0,6,2020,2,Winter
2020-02-19,-8.783333333333333,-4.033333333333333,-13.483333333333334,1,-23.3,26.78333333333333,0,6,2020,2,Winter
2020-02-20,-12.183333333333334,-7,-17.3,-3.3,-27.4,30.183333333333334,0,6,2020,2,Winter
2020-02-21,-6.9,0.7166666666666666,-14.466666666666667,5.1,-21.2,24.9,0,6,2020,2,Winter
2020-02-22,-0.2833333333333333,5.333333333333333,-5.883333333333334,7.9,-10.4,18.28333333333333,0,6,2020,2,Winter
2020-02-23,0.9166666666666666,7.166666666666667,-5.333333333333333,9.6,-14.4,17.083333333333332,0,6,2020,2,Winter
2020-02-24,2.2333333333333334,7.05,-2.6,9.3,-6.6,15.766666666666666,0,6,2020,2,Winter
2020-02-25,-0.9666666666666665,2.15,-4.116666666666666,4.7,-15.5,18.96666666666667,0,6,2020,2,Winter
2020-02-26,-5.316666666666666,-2.0833333333333335,-8.516666666666667,2.8,-19.6,23.316666666666666,0,6,2020,2,Winter
2020-02-27,-7.9,-5,-10.75,0.7,-17.2,25.9,0,6,2020,2,Winter
2020-02-28,-9.75,-6.15,-13.316666666666666,-2,-21.2,27.75,0,6,2020,2,Winter
2020-02-29,-9.683333333333334,-3.8166666666666664,-15.466666666666667,0.6,-21.9,27.683333333333334,0,6,2020,2,Winter
2020-03-01,-4.62,2.62,-11.82,5.5,-17.4,22.62,0,5,2020,3,Spring
2020-03-02,2.3,6.06,-1.46,11.1,-7.2,15.7,0,5,2020,3,Spring
2020-03-03,0.28333333333333355,3.916666666666667,-3.3666666666666667,9.8,-10.3,17.71666666666667,0,6,2020,3,Spring
2020-03-04,0.9166666666666667,4.316666666666666,-2.466666666666667,8.2,-6.2,17.083333333333332,0,6,2020,3,Spring
2020-03-05,-1.55,2.683333333333333,-5.766666666666667,7.6,-11.4,19.55,0,6,2020,3,Spring
2020-03-06,-4.25,0.033333333333333215,-8.516666666666667,2.8,-23.1,22.25,0,6,2020,3,Spring
2020-03-07,-3.9,3.1833333333333336,-10.933333333333334,8.5,-19.1,21.9,0,6,2020,3,Spring
2020-03-08,2.7666666666666666,8.583333333333332,-3.066666666666667,14.1,-9.9,15.233333333333334,0,6,2020,3,Spring
2020-03-09,6.016666666666667,11.066666666666666,0.9666666666666668,17.2,-14.5,11.983333333333333,0,6,2020,3,Spring
2020-03-10,0.6000000000000001,7.55,-6.383333333333333,11.8,-17.3,17.4,0,6,2020,3,Spring
2020-03-11,-2.2333333333333334,2.5666666666666664,-7.016666666666667,6.8,-14.9,20.233333333333334,0,6,2020,3,Spring
2020-03-12,2.216666666666667,5.25,-0.8499999999999999,10.6,-3.4,15.783333333333333,0,6,2020,3,Spring
2020-03-13,2.78,6.84,-1.34,9.5,-8.3,15.22,0,5,2020,3,Spring
2020-03-14,-1.4833333333333334,1.8666666666666667,-4.833333333333333,4.5,-12.4,19.483333333333334,0,6,2020,3,Spring
2020-03-15,-2.56,2,-7.12,5.9,-15.9,20.56,0,5,2020,3,Spring
2020-03-16,-1.7,3.5166666666666666,-6.9,8.4,-12,19.7,0,6,2020,3,Spring
2020-03-17,0.9166666666666665,5.966666666666667,-4.15,11,-8.8,17.083333333333332,0,6,2020,3,Spring
2020-03-18,-1.0333333333333334,3.8,-5.883333333333333,8.4,-14.3,19.033333333333335,0,6,2020,3,Spring
2020-03-19,3.4333333333333336,7.533333333333333,-0.7166666666666666,14.9,-5.6,14.566666666666666,0,6,2020,3,Spring
2020-03-20,3.1,12.98,-6.840000000000001,18.5,-18.1,14.9,0,5,2020,3,Spring
2020-03-21,-6.433333333333334,-0.8833333333333334,-11.9,1.6,-20.4,24.433333333333334,0,6,2020,3,Spring
2020-03-22,-4.14,1.32,-9.54,3.7,-16.2,22.14,0,5,2020,3,Spring
2020-03-23,0.09999999999999978,3.533333333333333,-3.316666666666667,6.1,-7.7,17.9,0,6,2020,3,Spring
2020-03-24,1.88,5.8,-2.08,6.6,-9.4,16.12,0,5,2020,3,Spring
2020-03-25,3.78,9.04,-1.54,12.3,-4.1,14.22,0,5,2020,3,Spring
2020-03-26,3.716666666666667,8.716666666666667,-1.3166666666666669,14.3,-8.9,14.283333333333333,0,6,2020,3,Spring
2020-03-27,3.4,8.68,-1.92,11.2,-10.6,14.6,0,5,2020,3,Spring
2020-03-28,4.14,8.22,0,9.8,-6,13.86,0,5,2020,3,Spring
2020-03-29,8.9,13.379999999999999,4.4,18.9,1.4,9.1,0,5,2020,3,Spring
2020-03-30,5,7.42,2.54,9,0.5,13,0,5,2020,3,Spring
2020-03-31,3.55,6.7,0.3666666666666667,8.9,-7.1,14.45,0,6,2020,3,Spring
2020-04-01,4.066666666666666,8.816666666666666,-0.7500000000000002,11.3,-3.1,13.933333333333334,0,6,2020,4,Spring
2020-04-02,5.2,11.466666666666667,-1.1333333333333335,15.4,-5.5,12.8,0,6,2020,4,Spring
2020-04-03,5.25,10.266666666666666,0.16666666666666669,13.8,-3.2,12.75,0,6,2020,4,Spring
2020-04-04,5.983333333333333,11.666666666666666,0.26666666666666666,15.4,-5.5,12.016666666666666,0,6,2020,4,Spring
2020-04-05,3.8166666666666664,9.25,-1.65,10.9,-9.1,14.183333333333334,0,6,2020,4,Spring
2020-04-06,5.483333333333333,13.25,-2.3166666666666664,15,-3.9,12.516666666666666,0,6,2020,4,Spring
2020-04-07,7.1,12.45,1.6833333333333331,19.2,-3.3,10.9,0,6,2020,4,Spring
2020-04-08,7.766666666666667,12.116666666666667,3.3833333333333333,21.1,-1.9,10.233333333333334,0,6,2020,4,Spring
2020-04-09,4.22,8.2,0.21999999999999997,10.2,-2,13.780000000000001,0,5,2020,4,Spring
2020-04-10,2.9,6.46,-0.7,8,-2.6,15.1,0,5,2020,4,Spring
2020-04-11,3.283333333333333,9.783333333333333,-3.3000000000000003,13.6,-6.2,14.716666666666667,0,6,2020,4,Spring
2020-04-12,6.266666666666667,11.85,0.6666666666666666,16.1,-4.6,11.733333333333333,0,6,2020,4,Spring
2020-04-13,5,10.583333333333334,-0.6000000000000001,15.3,-5.9,13,0,6,2020,4,Spring
2020-04-14,0.48333333333333334,5.15,-4.166666666666667,8.4,-8.7,17.516666666666666,0,6,2020,4,Spring
2020-04-15,-1.8333333333333333,2.85,-6.5,4.4,-11.2,19.833333333333332,0,6,2020,4,Spring
2020-04-16,-0.7166666666666667,4.633333333333333,-6.066666666666666,6,-8.3,18.71666666666667,0,6,2020,4,Spring
2020-04-17,0.32,5.5,-4.88,8.4,-8.6,17.68,0,5,2020,4,Spring
2020-04-18,4.1,11.183333333333334,-3.05,14.2,-4.8,13.9,0,6,2020,4,Spring
2020-04-19,3.65,10.266666666666666,-3,16.8,-5.9,14.35,0,6,2020,4,Spring
2020-04-20,1.8166666666666667,8.45,-4.833333333333333,12.9,-7.5,16.183333333333334,0,6,2020,4,Spring
2020-04-21,0.7333333333333332,5.9,-4.433333333333334,9,-8,17.266666666666666,0,6,2020,4,Spring
2020-04-22,-0.82,3.9,-5.54,6.2,-11.4,18.82,0,5,2020,4,Spring
2020-04-23,1.98,5.94,-2.06,7.4,-6.5,16.02,0,5,2020,4,Spring
2020-04-24,5.96,11.48,0.3800000000000001,13.8,-3.9,12.04,0,5,2020,4,Spring
2020-04-25,6.266666666666667,14.183333333333334,-1.7333333333333332,15.4,-4.1,11.733333333333334,0,6,2020,4,Spring
2020-04-26,7.05,12.266666666666666,1.7666666666666668,14.5,-4.8,10.95,0,6,2020,4,Spring
2020-04-27,6.866666666666666,13.35,0.31666666666666665,16.1,-2,11.133333333333333,0,6,2020,4,Spring
2020-04-28,8.716666666666667,14.433333333333334,2.9833333333333334,20.3,-2.5,9.283333333333333,0,6,2020,4,Spring
2020-04-29,11.033333333333333,15.35,6.666666666666667,19.8,1.9,6.966666666666667,0,6,2020,4,Spring
2020-04-30,9.75,13.9,5.533333333333333,19.1,0.2,8.25,0,6,2020,4,Spring
2020-05-01,10.26,16.08,4.38,18.7,1.8,7.74,0,5,2020,5,Spring
2020-05-02,12.133333333333333,18.933333333333334,5.283333333333333,25.8,2.9,5.866666666666666,0,6,2020,5,Spring
2020-05-03,11.066666666666666,17.616666666666667,4.466666666666667,23.5,0.5,6.933333333333334,0,6,2020,5,Spring
2020-05-04,4.866666666666666,9.85,-0.16666666666666674,11.8,-3.7,13.133333333333333,0,6,2020,5,Spring
2020-05-05,4.683333333333334,11.366666666666667,-2.0500000000000003,13,-5.8,13.316666666666666,0,6,2020,5,Spring
2020-05-06,7.233333333333333,14.266666666666666,0.18333333333333335,15.2,-3.4,10.766666666666667,0,6,2020,5,Spring
2020-05-07,5.766666666666667,12.283333333333333,-0.7999999999999999,18.9,-4.2,12.233333333333334,0,6,2020,5,Spring
2020-05-08,0.5333333333333333,4.366666666666667,-3.3333333333333335,6.8,-6.9,17.46666666666667,0,6,2020,5,Spring
2020-05-09,2.16,7.9799999999999995,-3.7199999999999998,11,-6.3,15.84,0,5,2020,5,Spring
2020-05-10,5.4399999999999995,11.44,-0.62,16.2,-1.7,12.56,0,5,2020,5,Spring
2020-05-11,3.033333333333333,7.866666666666666,-1.8499999999999999,10.6,-7.6,14.966666666666667,0,6,2020,5,Spring
2020-05-12,3.35,10.4,-3.716666666666667,15,-6.3,14.65,0,6,2020,5,Spring
2020-05-13,5.383333333333333,13.966666666666667,-3.2666666666666666,15.1,-6.7,12.616666666666667,0,6,2020,5,Spring
2020-05-14,8.55,13.65,3.3833333333333333,18.1,0.2,9.45,0,6,2020,5,Spring
2020-05-15,13.120000000000001,19.16,7.04,22,2.4,4.88,0,5,2020,5,Spring
2020-05-16,11.833333333333334,17.65,6.016666666666667,20.3,-0.1,6.166666666666667,0,6,2020,5,Spring
2020-05-17,11.84,16.84,6.78,19.8,0.4,6.16,0,5,2020,5,Spring
2020-05-18,13.05,16.866666666666667,9.2,21,2.1,4.95,0,6,2020,5,Spring
2020-05-19,13.366666666666667,18.633333333333333,8.05,20.4,-1.2,4.633333333333333,0,6,2020,5,Spring
2020-05-20,13.86,21.06,6.6,23.9,2.1,4.14,0,5,2020,5,Spring
2020-05-21,15.35,23.633333333333333,7.033333333333333,26.5,4.3,2.65,0,6,2020,5,Spring
2020-05-22,16.933333333333334,24.8,9,29.4,5.8,1.15,0.08333333333333334,6,2020,5,Spring
2020-05-23,18.71666666666667,24.866666666666667,12.55,30.2,10.3,0.2333333333333333,0.95,6,2020,5,Spring
2020-05-24,19.566666666666666,26.35,12.75,29.5,9.1,0.06666666666666667,1.6333333333333333,6,2020,5,Spring
2020-05-25,21.05,26.383333333333333,15.7,30.4,10,0.6,3.65,6,2020,5,Spring
2020-05-26,22.46666666666667,29.46666666666667,15.416666666666666,33.2,12,0.31666666666666665,4.783333333333333,6,2020,5,Spring
2020-05-27,23.46666666666667,29.85,17,35,12.4,0,5.466666666666667,6,2020,5,Spring
2020-05-28,21.016666666666666,24.816666666666666,17.116666666666667,27.8,11.1,0.06666666666666667,3.0833333333333335,6,2020,5,Spring
2020-05-29,17.133333333333333,23.116666666666667,11.1,29,9,1.6833333333333333,0.8166666666666667,6,2020,5,Spring
2020-05-30,11.333333333333334,17,5.616666666666666,20.8,2.4,6.666666666666667,0,6,2020,5,Spring
2020-05-31,9.883333333333333,16.03333333333333,3.6666666666666665,23.7,1.2,8.116666666666667,0,6,2020,5,Spring
2020-06-01,13.283333333333333,21.516666666666666,5,23.7,0.7,4.716666666666667,0,6,2020,6,Summer
2020-06-02,18.133333333333333,25.166666666666668,11.066666666666666,31.3,7.8,1.55,1.6833333333333333,6,2020,6,Summer
2020-06-03,18.883333333333333,25.05,12.683333333333334,28.6,8.9,0.65,1.5333333333333332,6,2020,6,Summer
2020-06-04,19.266666666666666,27.4,11.116666666666667,30,5.7,0.65,1.9166666666666665,6,2020,6,Summer
2020-06-05,20.666666666666668,27.983333333333334,13.3,31,9,0.13333333333333333,2.8,6,2020,6,Summer
2020-06-06,16.96666666666667,23.15,10.733333333333334,27.5,3.9,2.05,1.0166666666666666,6,2020,6,Summer
2020-06-07,13.683333333333334,18.983333333333334,8.35,23,3.2,4.316666666666666,0,6,2020,6,Summer
2020-06-08,16.116666666666667,23.55,8.633333333333333,26.8,7,2.0666666666666664,0.18333333333333335,6,2020,6,Summer
2020-06-09,20.4,27.36,13.4,34,11.7,0.54,2.94,5,2020,6,Summer
2020-06-10,22.04,28.8,15.24,34.4,8.8,0.8800000000000001,4.92,5,2020,6,Summer
2020-06-11,17.58,22.54,12.58,25.2,4.6,1.4,0.9800000000000001,5,2020,6,Summer
2020-06-12,11.816666666666666,17.433333333333334,6.116666666666667,22.6,1.2,6.183333333333334,0,6,2020,6,Summer
2020-06-13,12,18.18,5.76,19,1,6,0,5,2020,6,Summer
2020-06-14,12.583333333333334,19.53333333333333,5.583333333333333,20.9,-0.2,5.416666666666666,0,6,2020,6,Summer
2020-06-15,15.2,22.6,7.75,24.3,3,2.8,0,6,2020,6,Summer
2020-06-16,18.15,26.416666666666664,9.8,29.8,7,0.6666666666666666,0.8166666666666667,6,2020,6,Summer
2020-06-17,19.8,28.54,10.98,30,9.4,0,1.8,5,2020,6,Summer
2020-06-18,21.66,30.1,13.2,32.1,11.7,0,3.66,5,2020,6,Summer
2020-06-19,22.566666666666666,29.733333333333334,15.333333333333334,31.5,12.8,0,4.566666666666666,6,2020,6,Summer
2020-06-20,22.740000000000002,29.66,15.74,33.3,11.4,0.27999999999999997,5.02,5,2020,6,Summer
2020-06-21,22.9,29.116666666666667,16.633333333333333,32.5,10.7,0.16666666666666666,5.066666666666666,6,2020,6,Summer
2020-06-22,22.96666666666667,28.683333333333334,17.2,33.5,8.9,0.26666666666666666,5.233333333333333,6,2020,6,Summer
2020-06-23,20.71666666666667,25.833333333333332,15.566666666666666,30.8,11.7,0.08333333333333333,2.8,6,2020,6,Summer
2020-06-24,17.2,21.466666666666665,12.866666666666667,25.3,9.8,1.4000000000000001,0.6,6,2020,6,Summer
2020-06-25,18.65,26.03333333333333,11.233333333333334,29.3,7.7,0.3666666666666667,1.0166666666666666,6,2020,6,Summer
2020-06-26,21.080000000000002,28.7,13.4,30.2,10.5,0,3.08,5,2020,6,Summer
2020-06-27,22.483333333333334,28.016666666666666,16.9,29.6,14.3,0,4.483333333333333,6,2020,6,Summer
2020-06-28,21.76,28.04,15.42,29.3,11.7,0,3.76,5,2020,6,Summer
2020-06-29,22.216666666666665,28.316666666666666,16.05,32.1,13.8,0,4.216666666666667,6,2020,6,Summer
2020-06-30,22.599999999999998,28.05,17.1,30.1,15.3,0,4.6000000000000005,6,2020,6,Summer
2020-07-01,23.25,29.883333333333333,16.583333333333332,31.4,15,0,5.25,6,2020,7,Summer
2020-07-02,25.616666666666667,32.68333333333333,18.5,35.5,15.8,0,7.616666666666667,6,2020,7,Summer
2020-07-03,25.05,31.8,18.266666666666666,33.3,13.5,0,7.05,6,2020,7,Summer
2020-07-04,23.933333333333334,31,16.816666666666666,32,14.3,0,5.933333333333334,6,2020,7,Summer
2020-07-05,23.53333333333333,31.183333333333334,15.8,34,13.3,0,5.533333333333333,6,2020,7,Summer
2020-07-06,24.116666666666667,31.433333333333334,16.75,34,14.2,0,6.116666666666667,6,2020,7,Summer
2020-07-07,25.116666666666667,32.5,17.683333333333334,34.8,13.2,0,7.116666666666667,6,2020,7,Summer
2020-07-08,25.05,31.266666666666666,18.766666666666666,34.6,12.5,0.016666666666666666,7.066666666666666,6,2020,7,Summer
2020-07-09,25.9,32.45,19.333333333333336,35.8,15.8,0,7.9,6,2020,7,Summer
2020-07-10,26.82,32.94,20.66,36.9,20.1,0,8.82,5,2020,7,Summer
2020-07-11,22.86,27.46,18.2,30,12.9,0,4.859999999999999,5,2020,7,Summer
2020-07-12,20.916666666666668,25.983333333333334,15.766666666666666,28.6,11.9,0,2.9166666666666665,6,2020,7,Summer
2020-07-13,19.95,24.666666666666668,15.15,27.4,11.7,0.3,2.25,6,2020,7,Summer
2020-07-14,20.783333333333335,26.95,14.583333333333332,29.4,11.7,0,2.783333333333333,6,2020,7,Summer
2020-07-15,21.866666666666667,28.416666666666668,15.283333333333333,30.5,9.1,0,3.8666666666666663,6,2020,7,Summer
2020-07-16,21.916666666666664,25.766666666666666,18,27.7,12.6,0,3.916666666666667,6,2020,7,Summer
2020-07-17,23.71666666666667,30.05,17.316666666666666,31.8,11.1,0,5.716666666666667,6,2020,7,Summer
2020-07-18,24.22,30.84,17.5,33.2,15.5,0,6.22,5,2020,7,Summer
2020-07-19,25.8,30.325,21.2,31.6,20.5,0,7.8,4,2020,7,Summer
2020-07-20,22.54,27.4,17.62,29.7,13,0.3,4.84,5,2020,7,Summer
2020-07-21,20.76,25.96,15.48,27.5,11.6,0.18,2.94,5,2020,7,Summer
2020-07-22,21.21666666666667,25.5,16.9,28.4,11.2,0.2,3.4166666666666665,6,2020,7,Summer
2020-07-23,21.133333333333333,27,15.266666666666666,27.8,8.8,0.049999999999999996,3.1833333333333336,6,2020,7,Summer
2020-07-24,21.266666666666666,28.066666666666666,14.433333333333334,30.8,9.3,0.08333333333333333,3.35,6,2020,7,Summer
2020-07-25,22.916666666666668,30.016666666666666,15.816666666666666,32.4,13.8,0,4.916666666666667,6,2020,7,Summer
2020-07-26,25.8,32.74,18.8,35.5,16.3,0,7.8,5,2020,7,Summer
2020-07-27,24.683333333333334,30,19.35,32.7,13.1,0,6.683333333333334,6,2020,7,Summer
2020-07-28,23,28.900000000000002,17.04,31.1,14.4,0,5,5,2020,7,Summer
2020-07-29,22.316666666666666,27.666666666666668,16.933333333333334,30.7,13.3,0,4.316666666666666,6,2020,7,Summer
2020-07-30,21.64,27.7,15.52,28.1,11.9,0,3.64,5,2020,7,Summer
2020-07-31,21.616666666666667,28.183333333333334,15.016666666666667,29.6,10.5,0,3.6166666666666667,6,2020,7,Summer
2020-08-01,21.883333333333333,28.166666666666668,15.566666666666666,30.5,11.4,0.016666666666666666,3.9,6,2020,8,Summer
2020-08-02,20.066666666666666,23.966666666666665,16.083333333333332,28.4,12.3,0.35,2.4166666666666665,6,2020,8,Summer
2020-08-03,18.46666666666667,23.116666666666667,13.8,27,7.3,1.5166666666666666,1.9833333333333334,6,2020,8,Summer
2020-08-04,18.5,22.72,14.18,25,5.6,1.04,1.54,5,2020,8,Summer
2020-08-05,17.16,22.82,11.42,26.7,6.2,1.16,0.32,5,2020,8,Summer
2020-08-06,18.26,25.46,11.04,28.2,8.7,0.27999999999999997,0.5399999999999999,5,2020,8,Summer
2020-08-07,19.6,26.46,12.64,27.4,10.5,0,1.6,5,2020,8,Summer
2020-08-08,20.733333333333334,27.183333333333334,14.200000000000001,29.2,12.3,0,2.7333333333333334,6,2020,8,Summer
2020-08-09,22.616666666666667,27.516666666666666,17.666666666666668,30.6,15.6,0,4.616666666666667,6,2020,8,Summer
2020-08-10,24.03333333333333,29.666666666666668,18.316666666666666,32.1,12.4,0,6.033333333333333,6,2020,8,Summer
2020-08-11,22.18,28.46,15.799999999999999,31.9,13.3,0,4.18,5,2020,8,Summer
2020-08-12,21.266666666666666,29.116666666666667,13.366666666666667,30,9.9,0,3.2666666666666666,6,2020,8,Summer
2020-08-13,22.68,29.14,16.14,31.1,14,0,4.68,5,2020,8,Summer
2020-08-14,23.116666666666667,28.4,17.78333333333333,29.2,15.1,0,5.116666666666667,6,2020,8,Summer
2020-08-15,22.083333333333332,27.883333333333333,16.233333333333334,29.6,13.9,0,4.083333333333333,6,2020,8,Summer
2020-08-16,20.2,25.516666666666666,14.85,29.3,11,0.1,2.3,6,2020,8,Summer
2020-08-17,19.133333333333333,25.25,12.966666666666667,27.7,9.5,0.43333333333333335,1.5666666666666667,6,2020,8,Summer
2020-08-18,17.580000000000002,23.56,11.54,25,6.5,1.06,0.64,5,2020,8,Summer
2020-08-19,15.68,21.779999999999998,9.5,23.7,7.3,2.32,0,5,2020,8,Summer
2020-08-20,16.78,22.82,10.68,27.6,8.8,1.48,0.26,5,2020,8,Summer
2020-08-21,20.96,27.34,14.56,30.6,11.5,0,2.96,5,2020,8,Summer
2020-08-22,21.15,26.9,15.383333333333333,31.1,12.6,0.3666666666666667,3.5166666666666666,6,2020,8,Summer
2020-08-23,22.333333333333332,27.683333333333334,16.933333333333334,31.7,15.2,0,4.333333333333333,6,2020,8,Summer
2020-08-24,23.92,29.66,18.119999999999997,32.7,16.4,0,5.92,5,2020,8,Summer
2020-08-25,19.6,25.7,13.48,30.3,6.4,1.04,2.64,5,2020,8,Summer
2020-08-26,16.633333333333333,20.9,12.3,27.6,4.9,2.2,0.8333333333333334,6,2020,8,Summer
2020-08-27,20.28,25.14,15.36,33.6,8.8,1.78,4.06,5,2020,8,Summer
2020-08-28,18.4,22.366666666666667,14.383333333333333,24.9,10.7,0.9833333333333333,1.3833333333333333,6,2020,8,Summer
2020-08-29,18.220000000000002,22.16,14.24,27,8.2,1.34,1.56,5,2020,8,Summer
2020-08-30,16.919999999999998,21.7,12.1,23.7,9.7,1.32,0.24000000000000002,5,2020,8,Summer
2020-08-31,17.1,22.900000000000002,11.22,25.6,7.9,1.6600000000000001,0.76,5,2020,8,Summer
2020-09-01,21.5,27.1,15.825000000000001,28.2,12.4,0,3.5,4,2020,9,Fall
2020-09-02,20.04,25.74,14.24,28.3,9.3,0.5599999999999999,2.6,5,2020,9,Fall
2020-09-03,18.725,25.625,11.775,28.6,7.6,0.6,1.325,4,2020,9,Fall
2020-09-04,14.86,20.22,9.44,23,6.6,3.14,0,5,2020,9,Fall
2020-09-05,14.366666666666667,20.316666666666666,8.383333333333333,24,4.8,3.6333333333333333,0,6,2020,9,Fall
2020-09-06,14.34,20.94,7.7,22.4,5.3,3.66,0,5,2020,9,Fall
2020-09-07,16.85,21.85,11.85,26.2,4,2.4333333333333336,1.2833333333333334,6,2020,9,Fall
2020-09-08,12.75,16.216666666666665,9.2,19.4,0.9,5.25,0,6,2020,9,Fall
2020-09-09,13.583333333333334,16.7,10.383333333333333,20.9,0.6,4.416666666666667,0,6,2020,9,Fall
2020-09-10,12.883333333333333,17.133333333333333,8.6,20.7,-1.1,5.116666666666667,0,6,2020,9,Fall
2020-09-11,12.833333333333334,18.55,7.066666666666666,21.5,2,5.166666666666667,0,6,2020,9,Fall
2020-09-12,14.483333333333334,20.25,8.666666666666666,25.5,4.6,3.65,0.13333333333333336,6,2020,9,Fall
2020-09-13,16.599999999999998,22.033333333333335,11.083333333333334,26.1,3.7,2.166666666666667,0.7666666666666667,6,2020,9,Fall
2020-09-14,10.383333333333333,16.183333333333334,4.566666666666666,18.8,-0.3,7.616666666666666,0,6,2020,9,Fall
2020-09-15,11.6,17.666666666666668,5.516666666666667,19.8,2.1,6.4,0,6,2020,9,Fall
2020-09-16,14.940000000000001,20.96,8.86,25.4,0.5,3.42,0.36,5,2020,9,Fall
2020-09-17,10.416666666666666,16.516666666666666,4.266666666666667,19.8,-0.9,7.583333333333333,0,6,2020,9,Fall
2020-09-18,8.516666666666666,14.783333333333333,2.216666666666667,16.1,-2.8,9.483333333333334,0,6,2020,9,Fall
2020-09-19,8.133333333333333,14.766666666666667,1.4166666666666667,16.6,-0.6,9.866666666666667,0,6,2020,9,Fall
2020-09-20,10.883333333333333,17.25,4.416666666666666,19.4,2,7.116666666666667,0,6,2020,9,Fall
2020-09-21,12.55,19.55,5.5,22.6,0.1,5.45,0,6,2020,9,Fall
2020-09-22,13.95,22.25,5.6,25.5,1.3,4.05,0,6,2020,9,Fall
2020-09-23,17.4,25.26,9.48,27.6,7.9,1.06,0.45999999999999996,5,2020,9,Fall
2020-09-24,14.983333333333333,20.233333333333334,9.666666666666666,25.1,6.1,3.2666666666666666,0.25,6,2020,9,Fall
2020-09-25,15.716666666666667,22.333333333333332,9.033333333333333,27,6.5,2.533333333333333,0.25,6,2020,9,Fall
2020-09-26,17.333333333333332,23.566666666666666,11.05,26.6,6.6,1.1333333333333333,0.4666666666666667,6,2020,9,Fall
2020-09-27,19.78333333333333,24.35,15.183333333333334,27.2,8,0.6833333333333333,2.466666666666667,6,2020,9,Fall
2020-09-28,16.283333333333335,20.666666666666668,11.85,27,8.5,2.55,0.8333333333333333,6,2020,9,Fall
2020-09-29,13.45,17.3,9.583333333333334,21.1,6.3,4.55,0,6,2020,9,Fall
2020-09-30,11.966666666666667,16.03333333333333,7.833333333333333,19,5.7,6.033333333333333,0,6,2020,9,Fall
2020-10-01,9.8,14.3,5.216666666666667,17.9,1.2,8.2,0,6,2020,10,Fall
2020-10-02,7.18,10.68,3.64,15.5,2.1,10.82,0,5,2020,10,Fall
2020-10-03,6.55,10.983333333333334,2.033333333333333,13.9,-2,11.45,0,6,2020,10,Fall
2020-10-04,7.416666666666666,11.466666666666667,3.3166666666666664,14.4,-4.2,10.583333333333334,0,6,2020,10,Fall
2020-10-05,9.55,14.233333333333333,4.8,17.2,-0.7,8.45,0,6,2020,10,Fall
2020-10-06,12.4,17.433333333333334,7.266666666666667,20.8,4.6,5.6,0,6,2020,10,Fall
2020-10-07,11.516666666666667,16.9,6.1,22.6,0.3,6.483333333333333,0,6,2020,10,Fall
2020-10-08,8.616666666666667,14.783333333333333,2.4166666666666665,20.9,-0.7,9.383333333333333,0,6,2020,10,Fall
2020-10-09,10.35,18.5,2.1333333333333333,24.6,-1,7.6499999999999995,0,6,2020,10,Fall
2020-10-10,13.92,20.64,7.12,25,2.7,4.24,0.16,5,2020,10,Fall
2020-10-11,9.26,13.44,5.04,17.7,1.2,8.74,0,5,2020,10,Fall
2020-10-12,10.916666666666666,17.15,4.65,23.9,-0.1,7.083333333333333,0,6,2020,10,Fall
2020-10-13,10.816666666666666,16,5.533333333333333,19.5,-1.7,7.183333333333334,0,6,2020,10,Fall
2020-10-14,9.016666666666667,14.816666666666666,3.1999999999999997,17.9,-2.2,8.983333333333333,0,6,2020,10,Fall
2020-10-15,9.6,14.866666666666667,4.266666666666667,19.8,-1.6,8.4,0,6,2020,10,Fall
2020-10-16,4.45,9.7,-0.8666666666666667,13.3,-4.5,13.55,0,6,2020,10,Fall
2020-10-17,5.116666666666667,10.9,-0.7166666666666667,14.1,-6.3,12.883333333333333,0,6,2020,10,Fall
2020-10-18,7.54,11.84,3.22,14.3,-5.3,10.46,0,5,2020,10,Fall
2020-10-19,4.833333333333333,7.933333333333334,1.75,13.5,-7.3,13.166666666666668,0,6,2020,10,Fall
2020-10-20,5.233333333333333,8.933333333333334,1.4833333333333332,11.9,-9,12.766666666666666,0,6,2020,10,Fall
2020-10-21,8.266666666666667,12.85,3.6333333333333333,17.2,-0.6,9.733333333333333,0,6,2020,10,Fall
2020-10-22,7.383333333333334,10.65,4.1,16.8,-2.8,10.616666666666667,0,6,2020,10,Fall
2020-10-23,10.16,16.26,4.04,25,-4.2,7.840000000000001,0,5,2020,10,Fall
2020-10-24,3.6666666666666665,8.116666666666667,-0.7999999999999999,18.4,-6.7,14.333333333333334,0,6,2020,10,Fall
2020-10-25,1.583333333333333,5.066666666666666,-1.9166666666666667,8,-8.8,16.416666666666668,0,6,2020,10,Fall
2020-10-26,2.55,4.716666666666667,0.3833333333333334,8.9,-5.5,15.45,0,6,2020,10,Fall
2020-10-27,1.3166666666666669,4.283333333333333,-1.6500000000000001,7.3,-7.5,16.683333333333334,0,6,2020,10,Fall
2020-10-28,4.766666666666667,8.583333333333334,0.8999999999999999,11.9,-2.1,13.233333333333334,0,6,2020,10,Fall
2020-10-29,2.4833333333333334,6.666666666666667,-1.7166666666666666,11.7,-10.7,15.516666666666666,0,6,2020,10,Fall
2020-10-30,-0.9666666666666667,2.9,-4.85,4.4,-12.3,18.966666666666665,0,6,2020,10,Fall
2020-10-31,0.5,7.15,-6.166666666666667,9.5,-8.6,17.5,0,6,2020,10,Fall
2020-11-01,3.9,9.04,-1.3,11.2,-6.2,14.1,0,5,2020,11,Fall
2020-11-02,1.5999999999999999,6.1,-2.933333333333333,12.1,-8.5,16.4,0,6,2020,11,Fall
2020-11-03,2.9,7.183333333333334,-1.4166666666666665,13.6,-6.6,15.1,0,6,2020,11,Fall
2020-11-04,8.533333333333333,16.5,0.5333333333333334,20.5,-4.8,9.466666666666667,0,6,2020,11,Fall
2020-11-05,11.266666666666667,17.433333333333334,5.05,19.3,-1.2,6.733333333333333,0,6,2020,11,Fall
2020-11-06,12.3,19.233333333333334,5.316666666666666,20.8,-0.5,5.7,0,6,2020,11,Fall
2020-11-07,11.7,17.65,5.716666666666667,21,-1.4,6.300000000000001,0,6,2020,11,Fall
2020-11-08,12.8,20.5,5.05,22.7,2.3,5.2,0,6,2020,11,Fall
2020-11-09,13.65,20.916666666666668,6.333333333333334,23.1,0.7,4.35,0,6,2020,11,Fall
2020-11-10,13.9,18.833333333333332,8.950000000000001,24.3,-4.1,4.333333333333333,0.2333333333333333,6,2020,11,Fall
2020-11-11,7.833333333333334,14.5,1.1166666666666667,19.6,-6.4,10.166666666666666,0,6,2020,11,Fall
2020-11-12,3.216666666666667,7.833333333333333,-1.45,9.8,-4,14.783333333333333,0,6,2020,11,Fall
2020-11-13,1.8166666666666669,5.7,-2.1,9.2,-9.2,16.183333333333334,0,6,2020,11,Fall
2020-11-14,0.6000000000000001,5.8,-4.616666666666667,8,-12,17.4,0,6,2020,11,Fall
2020-11-15,5.016666666666667,9.516666666666667,0.4499999999999998,13.2,-4.9,12.983333333333334,0,6,2020,11,Fall
2020-11-16,1.1333333333333333,3.9,-1.65,7.8,-9.1,16.866666666666667,0,6,2020,11,Fall
2020-11-17,-3.5,0.3333333333333334,-7.300000000000001,3,-14.4,21.5,0,6,2020,11,Fall
2020-11-18,-3.416666666666667,1.5666666666666667,-8.366666666666667,4.8,-14.8,21.416666666666664,0,6,2020,11,Fall
2020-11-19,6.05,12.05,0.016666666666666607,17.6,-6.2,11.95,0,6,2020,11,Fall
2020-11-20,7.616666666666666,13.033333333333333,2.15,19.1,-9.7,10.383333333333333,0,6,2020,11,Fall
2020-11-21,-0.1499999999999999,4.083333333333333,-4.4,7.2,-12.3,18.15,0,6,2020,11,Fall
2020-11-22,-1.5,1.1666666666666667,-4.183333333333334,3.5,-10,19.5,0,6,2020,11,Fall
2020-11-23,-1.7333333333333334,1.8833333333333333,-5.35,7.3,-12.4,19.733333333333334,0,6,2020,11,Fall
2020-11-24,-3.9200000000000004,-0.2799999999999998,-7.52,2.1,-12.5,21.92,0,5,2020,11,Fall
2020-11-25,1.95,4.75,-0.85,9.4,-6.3,16.05,0,6,2020,11,Fall
2020-11-26,4.866666666666667,6.6,3.033333333333333,11.9,-0.3,13.133333333333333,0,6,2020,11,Fall
2020-11-27,3.2333333333333334,5.033333333333333,1.4000000000000001,7.8,-3.9,14.766666666666666,0,6,2020,11,Fall
2020-11-28,2.033333333333333,5.516666666666667,-1.4666666666666668,7,-5.4,15.966666666666667,0,6,2020,11,Fall
2020-11-29,2.966666666666667,7.5,-1.6,10.8,-9.6,15.033333333333333,0,6,2020,11,Fall
2020-11-30,-0.4333333333333331,3.0833333333333335,-3.9499999999999997,5.8,-14.3,18.433333333333334,0,6,2020,11,Fall
2020-12-01,-2.2666666666666666,0.41666666666666663,-4.916666666666666,5.3,-16.4,20.266666666666666,0,6,2020,12,Winter
2020-12-02,-1.1333333333333333,2.75,-4.983333333333333,5.8,-13.4,19.133333333333333,0,6,2020,12,Winter
2020-12-03,0.25,3.55,-3.0166666666666666,5.9,-5.4,17.75,0,6,2020,12,Winter
2020-12-04,-0.2666666666666666,2.4166666666666665,-2.966666666666667,7.1,-13.3,18.266666666666666,0,6,2020,12,Winter
2020-12-05,-3.283333333333333,0.06666666666666657,-6.616666666666667,3.3,-15.5,21.28333333333333,0,6,2020,12,Winter
2020-12-06,-2.36,-0.34,-4.34,0.7,-6.3,20.36,0,5,2020,12,Winter
2020-12-07,-2.7399999999999998,0.16,-5.58,1.7,-7.4,20.74,0,5,2020,12,Winter
2020-12-08,-3.3499999999999996,0.8500000000000001,-7.55,4,-14.1,21.35,0,6,2020,12,Winter
2020-12-09,1.3333333333333333,3.833333333333333,-1.1833333333333333,8.6,-6.2,16.666666666666668,0,6,2020,12,Winter
2020-12-10,1.4666666666666668,4.25,-1.3,8.6,-3.6,16.53333333333333,0,6,2020,12,Winter
2020-12-11,1.8833333333333333,5.466666666666667,-1.7166666666666666,9.4,-6,16.116666666666667,0,6,2020,12,Winter
2020-12-12,0.5999999999999999,4.083333333333334,-2.9,13,-15.2,17.4,0,6,2020,12,Winter
2020-12-13,-3.05,-0.1666666666666663,-5.95,6.7,-16.3,21.05,0,6,2020,12,Winter
2020-12-14,-4.633333333333334,-1.2166666666666666,-8.016666666666667,1.8,-19.3,22.633333333333333,0,6,2020,12,Winter
2020-12-15,-9.3,-6.116666666666666,-12.433333333333334,-1.9,-19.8,27.3,0,6,2020,12,Winter
2020-12-16,-9.26,-7.180000000000001,-11.24,-0.4,-19.9,27.26,0,5,2020,12,Winter
2020-12-17,-7.16,-4.4399999999999995,-9.84,-0.6,-18.2,25.16,0,5,2020,12,Winter
2020-12-18,-6.96,-2.34,-11.58,0.2,-17.1,24.96,0,5,2020,12,Winter
2020-12-19,-3.14,0.6,-6.86,2.5,-13.3,21.14,0,5,2020,12,Winter
2020-12-20,-0.5333333333333334,2.35,-3.466666666666667,5,-13.3,18.53333333333333,0,6,2020,12,Winter
2020-12-21,0.9,2.7249999999999996,-0.975,4.3,-2.6,17.1,0,4,2020,12,Winter
2020-12-22,-1.9833333333333334,1.55,-5.550000000000001,4.3,-11.8,19.983333333333334,0,6,2020,12,Winter
2020-12-23,-0.49999999999999967,4.24,-5.239999999999999,9.5,-16.2,18.5,0,5,2020,12,Winter
2020-12-24,1.94,8,-4.16,9.6,-6.2,16.06,0,5,2020,12,Winter
2020-12-25,-6.466666666666667,-2.8166666666666664,-10.083333333333334,5.9,-23.1,24.466666666666665,0,6,2020,12,Winter
2020-12-26,-6.76,-4.6,-8.92,-2.5,-15,24.76,0,5,2020,12,Winter
2020-12-27,-5.45,-0.9999999999999997,-9.816666666666666,4.9,-19,23.45,0,6,2020,12,Winter
2020-12-28,-4.74,0.07999999999999971,-9.58,6.6,-20.6,22.740000000000002,0,5,2020,12,Winter
2020-12-29,-8.816666666666666,-4.733333333333333,-12.883333333333333,-1.1,-29.5,26.816666666666666,0,6,2020,12,Winter
2020-12-30,-1.8166666666666667,2.5,-6.116666666666666,6.4,-9.7,19.816666666666666,0,6,2020,12,Winter
2020-12-31,-3.7,-0.13333333333333336,-7.183333333333333,2.3,-17.4,21.7,0,6,2020,12,Winter
2021-01-01,-3.8,-0.6200000000000001,-6.96,1.6,-14.2,21.8,0,5,2021,1,Winter
2021-01-02,-2.2666666666666666,-0.0666666666666665,-4.4,2.2,-9.6,20.266666666666666,0,6,2021,1,Winter
2021-01-03,-2.3166666666666664,0.18333333333333343,-4.783333333333333,1.9,-14.8,20.316666666666666,0,6,2021,1,Winter
2021-01-04,-1.68,0.48000000000000004,-3.86,1.1,-13.4,19.68,0,5,2021,1,Winter
2021-01-05,-1.2166666666666668,0.4,-2.816666666666667,2.1,-9.2,19.21666666666667,0,6,2021,1,Winter
2021-01-06,-1.15,0.7,-3,3.2,-6.2,19.15,0,6,2021,1,Winter
2021-01-07,-3.58,-0.020000000000000018,-7.1,2.5,-11.5,21.58,0,5,2021,1,Winter
2021-01-08,-6.74,-3.42,-10.02,0.3,-15,24.74,0,5,2021,1,Winter
2021-01-09,-4.233333333333333,0.0999999999999998,-8.5,4.7,-12.8,22.233333333333334,0,6,2021,1,Winter
2021-01-10,-5.383333333333333,-1.4,-9.333333333333334,2.6,-13.9,23.383333333333333,0,6,2021,1,Winter
2021-01-11,-3.0166666666666666,-0.5666666666666667,-5.383333333333333,1.1,-7.3,21.016666666666666,0,6,2021,1,Winter
2021-01-12,-2.3666666666666667,-0.4,-4.316666666666666,0.8,-9.9,20.366666666666667,0,6,2021,1,Winter
2021-01-13,0.34999999999999987,2.275,-1.575,5.9,-2.7,17.65,0,4,2021,1,Winter
2021-01-14,0.7833333333333334,2.6333333333333333,-1.0833333333333333,5.6,-2.4,17.216666666666665,0,6,2021,1,Winter
2021-01-15,0.9333333333333333,2.9166666666666665,-1.0333333333333332,5.6,-2.1,17.066666666666666,0,6,2021,1,Winter
2021-01-16,-1.6166666666666665,0.6666666666666666,-3.8666666666666667,4.7,-9,19.616666666666667,0,6,2021,1,Winter
2021-01-17,-3.7,-0.3333333333333332,-7.016666666666667,4.2,-16.7,21.7,0,6,2021,1,Winter
2021-01-18,-6.7,-3.833333333333333,-9.55,1.8,-18.7,24.7,0,6,2021,1,Winter
2021-01-19,-9.5,-5.84,-13.059999999999999,0.7,-22,27.5,0,5,2021,1,Winter
2021-01-20,-8.916666666666666,-3.4499999999999997,-14.333333333333332,2.1,-23.7,26.916666666666668,0,6,2021,1,Winter
2021-01-21,-3.166666666666667,1.3333333333333335,-7.666666666666667,5.7,-17.1,21.166666666666668,0,6,2021,1,Winter
2021-01-22,-8.1,-3.5333333333333337,-12.6,1.6,-20.7,26.099999999999998,0,6,2021,1,Winter
2021-01-23,-10.616666666666667,-7.216666666666667,-13.966666666666667,-2.2,-21,28.616666666666667,0,6,2021,1,Winter
2021-01-24,-9.516666666666666,-5.7,-13.266666666666667,-2.3,-18.8,27.516666666666666,0,6,2021,1,Winter
2021-01-25,-4.15,-1.2750000000000001,-6.975,1.9,-13.6,22.15,0,4,2021,1,Winter
2021-01-26,-7.466666666666667,-4.516666666666667,-10.366666666666667,0.3,-26.5,25.466666666666665,0,6,2021,1,Winter
2021-01-27,-10.45,-6.2,-14.65,-2.5,-29,28.45,0,6,2021,1,Winter
2021-01-28,-13.016666666666666,-9.05,-16.933333333333334,-5.5,-25.7,31.016666666666666,0,6,2021,1,Winter
2021-01-29,-12.8,-7.983333333333333,-17.55,-2.9,-26.9,30.8,0,6,2021,1,Winter
2021-01-30,-10.516666666666667,-5.35,-15.65,-1.5,-23.3,28.516666666666666,0,6,2021,1,Winter
2021-01-31,-8.95,-5.866666666666667,-11.983333333333334,-0.9,-22.8,26.95,0,6,2021,1,Winter
2021-02-01,-7.866666666666667,-3.4333333333333336,-12.25,-0.7,-22.2,25.866666666666667,0,6,2021,2,Winter
2021-02-02,-5.883333333333333,-1.1333333333333333,-10.616666666666667,0.6,-14.9,23.883333333333333,0,6,2021,2,Winter
2021-02-03,-4.633333333333333,0.75,-9.966666666666667,3,-17.2,22.633333333333333,0,6,2021,2,Winter
2021-02-04,-4.166666666666667,1.6166666666666667,-9.9,4.3,-13.1,22.166666666666668,0,6,2021,2,Winter
2021-02-05,-5.96,-0.6800000000000003,-11.18,1.8,-18.1,23.96,0,5,2021,2,Winter
2021-02-06,-11.14,-8.540000000000001,-13.7,-4.7,-23.7,29.14,0,5,2021,2,Winter
2021-02-07,-13.5,-9.883333333333333,-17.1,-5.1,-27.4,31.5,0,6,2021,2,Winter
2021-02-08,-15.42,-10.82,-19.92,-6.5,-33.2,33.42,0,5,2021,2,Winter
2021-02-09,-12.75,-7.9,-17.533333333333335,-2.7,-36.2,30.75,0,6,2021,2,Winter
2021-02-10,-14.966666666666667,-9.483333333333333,-20.383333333333333,-5.3,-35.1,32.96666666666667,0,6,2021,2,Winter
2021-02-11,-14.383333333333333,-9.616666666666667,-19.1,-4.7,-34.1,32.38333333333333,0,6,2021,2,Winter
2021-02-12,-15.2,-11.266666666666667,-19.083333333333332,-4.5,-28.7,33.2,0,6,2021,2,Winter
2021-02-13,-14.32,-10.5,-18.080000000000002,-6.7,-31.3,32.32,0,5,2021,2,Winter
2021-02-14,-14.2,-8.7,-19.65,-4,-30.9,32.2,0,4,2021,2,Winter
2021-02-15,-11.66,-7.6000000000000005,-15.62,-4.2,-34.3,29.66,0,5,2021,2,Winter
2021-02-16,-13.666666666666666,-8.533333333333333,-18.733333333333334,-6.6,-32.4,31.666666666666668,0,6,2021,2,Winter
2021-02-17,-15.3,-7.0200000000000005,-23.54,-5.8,-29.2,33.3,0,5,2021,2,Winter
2021-02-18,-10.05,-5.3,-14.725000000000001,-4,-19.6,28.049999999999997,0,4,2021,2,Winter
2021-02-19,-8.133333333333333,-4.25,-11.95,-2.5,-20.5,26.133333333333333,0,6,2021,2,Winter
2021-02-20,-9.4,-3.15,-15.616666666666667,-1.8,-22.5,27.4,0,6,2021,2,Winter
2021-02-21,-9.066666666666666,-1.6666666666666665,-16.4,1,-21.3,27.066666666666666,0,6,2021,2,Winter
2021-02-22,-1.1666666666666665,1.9666666666666666,-4.3,5.1,-8.4,19.166666666666668,0,6,2021,2,Winter
2021-02-23,1.9833333333333334,4.766666666666667,-0.85,8.1,-2,16.016666666666666,0,6,2021,2,Winter
2021-02-24,-0.2666666666666668,4.5,-5.033333333333333,11.1,-12.2,18.266666666666666,0,6,2021,2,Winter
2021-02-25,-5.533333333333333,-1.2833333333333332,-9.783333333333333,5,-19,23.53333333333333,0,6,2021,2,Winter
2021-02-26,-4.166666666666667,2.783333333333333,-11.05,4.4,-15.6,22.166666666666668,0,6,2021,2,Winter
2021-02-27,-0.8833333333333334,4.55,-6.35,10.2,-13,18.883333333333333,0,6,2021,2,Winter
2021-02-28,0.5666666666666667,5.983333333333333,-4.866666666666666,13,-12.5,17.433333333333334,0,6,2021,2,Winter
2021-03-01,-6.05,1.5833333333333335,-13.633333333333333,5.4,-20.8,24.049999999999997,0,6,2021,3,Spring
2021-03-02,-7.466666666666667,-0.3666666666666668,-14.5,6.2,-23.4,25.46666666666667,0,6,2021,3,Spring
2021-03-03,-1.1166666666666667,3.65,-5.85,13.2,-13.1,19.116666666666667,0,6,2021,3,Spring
2021-03-04,-6.916666666666667,-2.033333333333333,-11.733333333333333,1.6,-18.5,24.916666666666668,0,6,2021,3,Spring
2021-03-05,-5.95,-0.03333333333333306,-11.816666666666666,4.2,-16.5,23.95,0,6,2021,3,Spring
2021-03-06,-6.5,-1.75,-11.2,4.2,-16.7,24.5,0,6,2021,3,Spring
2021-03-07,-8.116666666666667,-2.0000000000000004,-14.2,4.1,-22.4,26.116666666666667,0,6,2021,3,Spring
2021-03-08,-0.9333333333333336,7.95,-9.8,17.1,-18.8,18.933333333333334,0,6,2021,3,Spring
2021-03-09,2.75,9.266666666666666,-3.85,13.3,-9.1,15.25,0,6,2021,3,Spring
2021-03-10,5.116666666666666,12.466666666666667,-2.2666666666666666,19.5,-6.5,12.883333333333333,0,6,2021,3,Spring
2021-03-11,8.233333333333333,14.433333333333334,2,20.2,-6.5,9.766666666666666,0,6,2021,3,Spring
2021-03-12,-0.08333333333333348,6.8500000000000005,-7.016666666666667,14.5,-12.9,18.083333333333332,0,6,2021,3,Spring
2021-03-13,-1.75,5.316666666666667,-8.8,9.8,-13.5,19.75,0,6,2021,3,Spring
2021-03-14,-2.9166666666666665,2.45,-8.25,9.1,-12.2,20.916666666666668,0,6,2021,3,Spring
2021-03-15,-5.983333333333333,-0.7833333333333333,-11.15,2.1,-15.7,23.983333333333334,0,6,2021,3,Spring
2021-03-16,-0.10000000000000009,5.966666666666667,-6.1499999999999995,10.8,-11.2,18.1,0,6,2021,3,Spring
2021-03-17,3.2666666666666666,9.15,-2.6166666666666667,12.4,-6.2,14.733333333333334,0,6,2021,3,Spring
2021-03-18,0.21666666666666665,4.766666666666667,-4.316666666666666,6.9,-8,17.78333333333333,0,6,2021,3,Spring
2021-03-19,-0.6833333333333335,6.1000000000000005,-7.5,13.9,-10.7,18.683333333333334,0,6,2021,3,Spring
2021-03-20,3.9,12.95,-5.216666666666667,14.9,-6.7,14.1,0,6,2021,3,Spring
2021-03-21,6.166666666666667,15.2,-2.9499999999999997,17.6,-5.1,11.833333333333332,0,6,2021,3,Spring
2021-03-22,8.42,17.740000000000002,-0.9800000000000001,20.8,-4.4,9.58,0,5,2021,3,Spring
2021-03-23,9.68,17.88,1.42,20.1,-0.9,8.32,0,5,2021,3,Spring
2021-03-24,9.2,14.616666666666667,3.783333333333333,21.6,-6.4,8.8,0,6,2021,3,Spring
2021-03-25,8.666666666666666,14.516666666666666,2.7833333333333337,21.5,-9.5,9.333333333333334,0,6,2021,3,Spring
2021-03-26,3.833333333333333,7.75,-0.08333333333333333,14,-6,14.166666666666668,0,6,2021,3,Spring
2021-03-27,4.12,7.9399999999999995,0.3000000000000001,13.9,-7.5,13.88,0,5,2021,3,Spring
2021-03-28,2.7166666666666663,7.133333333333333,-1.733333333333333,11.1,-9.2,15.283333333333333,0,6,2021,3,Spring
2021-03-29,0.3666666666666667,5.3999999999999995,-4.666666666666667,8.7,-10.8,17.633333333333333,0,6,2021,3,Spring
2021-03-30,7.816666666666666,16.46666666666667,-0.8833333333333333,20.3,-6.2,10.183333333333334,0,6,2021,3,Spring
2021-03-31,3.5166666666666666,10.1,-3.1000000000000005,15,-11.3,14.483333333333334,0,6,2021,3,Spring
2021-04-01,-2.7333333333333334,1.75,-7.15,4,-13.9,20.733333333333334,0,6,2021,4,Spring
2021-04-02,-0.8166666666666667,5.6,-7.216666666666667,9.1,-11.8,18.816666666666666,0,6,2021,4,Spring
2021-04-03,3.566666666666667,12.166666666666668,-5.066666666666666,17.3,-8.1,14.433333333333334,0,6,2021,4,Spring
2021-04-04,6.733333333333333,14.433333333333334,-1,17.6,-2,11.266666666666666,0,6,2021,4,Spring
2021-04-05,7.433333333333334,12.933333333333334,1.8666666666666667,14.7,-0.6,10.566666666666666,0,6,2021,4,Spring
2021-04-06,9.4,17.116666666666667,1.6333333333333335,24.9,-1.9,8.6,0,6,2021,4,Spring
2021-04-07,11.516666666666666,18.866666666666667,4.116666666666667,27.1,0.5,6.516666666666667,0.03333333333333334,6,2021,4,Spring
2021-04-08,14.283333333333333,21.15,7.366666666666667,26.4,5.4,3.716666666666667,0,6,2021,4,Spring
2021-04-09,14.183333333333334,18.733333333333334,9.566666666666666,23.5,5.2,3.8166666666666664,0,6,2021,4,Spring
2021-04-10,14.766666666666667,21.03333333333333,8.45,24.8,4.8,3.2333333333333334,0,6,2021,4,Spring
2021-04-11,13.82,18.42,9.14,20.8,7.5,4.18,0,5,2021,4,Spring
2021-04-12,10.516666666666666,13.716666666666667,7.283333333333333,18.6,4.4,7.483333333333333,0,6,2021,4,Spring
2021-04-13,10.8,15.6,5.98,18.4,3.4,7.2,0,5,2021,4,Spring
2021-04-14,8.233333333333334,13.65,2.783333333333333,16.4,0,9.766666666666666,0,6,2021,4,Spring
2021-04-15,5.183333333333334,8.433333333333334,1.8666666666666667,12.3,-3.4,12.816666666666666,0,6,2021,4,Spring
2021-04-16,5.066666666666666,8.683333333333334,1.35,11.9,-4.8,12.933333333333334,0,6,2021,4,Spring
2021-04-17,7.02,12.8,1.1800000000000004,14.3,-5.1,10.98,0,5,2021,4,Spring
2021-04-18,8.383333333333333,14.683333333333334,2.033333333333333,16.2,-4.6,9.616666666666667,0,6,2021,4,Spring
2021-04-19,7.1,13.783333333333333,0.40000000000000013,18.4,-7.8,10.9,0,6,2021,4,Spring
2021-04-20,0.38333333333333347,4.183333333333334,-3.4166666666666665,11.3,-12.7,17.616666666666667,0,6,2021,4,Spring
2021-04-21,-0.6833333333333335,3.1166666666666667,-4.466666666666667,5.7,-10.1,18.683333333333334,0,6,2021,4,Spring
2021-04-22,1.7166666666666666,7.866666666666667,-4.483333333333333,13.3,-7.7,16.28333333333333,0,6,2021,4,Spring
2021-04-23,8.08,17.5,-1.3800000000000001,19.4,-2.6,9.92,0,5,2021,4,Spring
2021-04-24,8.516666666666666,14.933333333333334,2.0666666666666664,20.1,-5.9,9.483333333333333,0,6,2021,4,Spring
2021-04-25,3.8166666666666664,10,-2.4,13.6,-8,14.183333333333334,0,6,2021,4,Spring
2021-04-26,3.183333333333333,8.533333333333333,-2.2166666666666663,11.9,-8.2,14.816666666666666,0,6,2021,4,Spring
2021-04-27,9.433333333333334,16.366666666666667,2.45,27,-1.4,8.566666666666666,0,6,2021,4,Spring
2021-04-28,12.74,18.36,7.04,25.9,2.2,5.3,0.04,5,2021,4,Spring
2021-04-29,9.333333333333334,13.783333333333333,4.85,18,-2.2,8.666666666666666,0,6,2021,4,Spring
2021-04-30,6.266666666666667,11.2,1.2666666666666668,14.6,-2.5,11.733333333333334,0,6,2021,4,Spring
2021-05-01,6.55,13.733333333333334,-0.65,18.5,-4.6,11.45,0,6,2021,5,Spring
2021-05-02,12.3,18.75,5.7666666666666675,28,0.3,6.383333333333334,0.6833333333333333,6,2021,5,Spring
2021-05-03,9.316666666666666,12.283333333333333,6.283333333333333,18.8,0.4,8.683333333333334,0,6,2021,5,Spring
2021-05-04,10.06,14.06,6.02,19.7,-1.2,7.94,0,5,2021,5,Spring
2021-05-05,7.0200000000000005,11.2,2.8000000000000003,12.7,-0.6,10.98,0,5,2021,5,Spring
2021-05-06,6.666666666666667,12.566666666666666,0.7333333333333334,14.4,-2.6,11.333333333333334,0,6,2021,5,Spring
2021-05-07,6.133333333333333,11.116666666666667,1.1333333333333333,14.1,-3,11.866666666666667,0,6,2021,5,Spring
2021-05-08,6.433333333333334,11.366666666666667,1.4666666666666668,15.4,-3.7,11.566666666666666,0,6,2021,5,Spring
2021-05-09,6.066666666666666,11.416666666666666,0.6833333333333333,15.5,-3.2,11.933333333333334,0,6,2021,5,Spring
2021-05-10,6.783333333333333,12.416666666666668,1.0999999999999999,16.1,-0.8,11.216666666666667,0,6,2021,5,Spring
2021-05-11,6.466666666666667,11.983333333333333,0.9000000000000001,16.2,-2.8,11.533333333333333,0,6,2021,5,Spring
2021-05-12,9.766666666666666,17.7,1.75,18.5,-2.8,8.233333333333333,0,6,2021,5,Spring
2021-05-13,11.733333333333334,20.4,3.0166666666666666,22.1,-0.8,6.266666666666667,0,6,2021,5,Spring
2021-05-14,13.316666666666666,22.15,4.416666666666667,24.1,1.4,4.683333333333334,0,6,2021,5,Spring
2021-05-15,14.379999999999999,22.3,6.46,24.2,3.7,3.62,0,5,2021,5,Spring
2021-05-16,14.416666666666666,21.883333333333333,6.9,24.2,1.4,3.5833333333333335,0,6,2021,5,Spring
2021-05-17,15.45,23.683333333333334,7.166666666666667,25.3,5.8,2.55,0,6,2021,5,Spring
2021-05-18,17.616666666666667,26.666666666666664,8.533333333333333,27.9,3.7,0.9500000000000001,0.5666666666666667,6,2021,5,Spring
2021-05-19,18.85,27.183333333333334,10.433333333333334,30.2,8.5,0.38333333333333336,1.2333333333333334,6,2021,5,Spring
2021-05-20,21.05,27.416666666666664,14.616666666666667,31.2,10,0.85,3.9,6,2021,5,Spring
2021-05-21,23.066666666666666,30.35,15.75,32.4,12.6,0,5.066666666666666,6,2021,5,Spring
2021-05-22,22,28.52,15.44,29.7,6,0.04,4.04,5,2021,5,Spring
2021-05-23,15.16,20.6,9.64,27,4.1,3.88,1.04,5,2021,5,Spring
2021-05-24,15.416666666666668,21.316666666666666,9.45,25.4,4.1,3.0166666666666666,0.43333333333333335,6,2021,5,Spring
2021-05-25,21.266666666666666,29.45,13.05,33.3,8.4,0,3.2666666666666666,6,2021,5,Spring
2021-05-26,15.983333333333334,23.833333333333332,8.1,29.2,0.7,2.683333333333333,0.6666666666666667,6,2021,5,Spring
2021-05-27,8.48,14.02,2.88,18.7,-2.5,9.52,0,5,2021,5,Spring
2021-05-28,6.916666666666666,11.833333333333334,1.9166666666666665,14.5,-3,11.083333333333334,0,6,2021,5,Spring
2021-05-29,10.033333333333333,17.15,2.9,19,-2.2,7.966666666666667,0,6,2021,5,Spring
2021-05-30,11.633333333333333,19.783333333333335,3.4,20.9,0.7,6.366666666666667,0,6,2021,5,Spring
2021-05-31,14.35,22.7,5.916666666666667,24.4,4.6,3.65,0,6,2021,5,Spring
2021-06-01,17.92,24.94,10.84,25.7,4.2,0.8,0.72,5,2021,6,Summer
2021-06-02,16.85,24.15,9.5,27.2,4.5,1.3833333333333333,0.23333333333333334,6,2021,6,Summer
2021-06-03,18.516666666666666,23.766666666666666,13.216666666666667,26.9,9,0.13333333333333333,0.65,6,2021,6,Summer
2021-06-04,20.950000000000003,28.416666666666668,13.45,30.6,9.2,0,2.95,6,2021,6,Summer
2021-06-05,23.125,29.425,16.775,32.5,13.9,0,5.125,4,2021,6,Summer
2021-06-06,24.4,32,16.75,33.8,12.5,0,6.4,6,2021,6,Summer
2021-06-07,24.166666666666668,30.633333333333333,17.616666666666667,33.2,12.3,0,6.166666666666666,6,2021,6,Summer
2021-06-08,23.65,28.766666666666666,18.5,31.4,9.9,0,5.65,6,2021,6,Summer
2021-06-09,22.166666666666668,27.866666666666667,16.4,30.6,11.4,0.09999999999999999,4.266666666666667,6,2021,6,Summer
2021-06-10,19.866666666666667,24.75,14.933333333333334,30.3,10.6,0.65,2.5166666666666666,6,2021,6,Summer
2021-06-11,19.4,24.133333333333333,14.6,30.9,11.9,1.1166666666666667,2.5166666666666666,6,2021,6,Summer
2021-06-12,20.4,26.4,14.366666666666667,29.5,10.9,0.26666666666666666,2.6666666666666665,6,2021,6,Summer
2021-06-13,20.833333333333336,27.383333333333333,14.216666666666667,29.3,11.2,0,2.8333333333333335,6,2021,6,Summer
2021-06-14,19.133333333333333,23.916666666666668,14.283333333333333,26,12.4,0.13333333333333333,1.2666666666666666,6,2021,6,Summer
2021-06-15,17.4,23.26,11.48,25.1,8.8,0.8600000000000001,0.26,5,2021,6,Summer
2021-06-16,15.819999999999999,22.92,8.66,25.7,5.9,2.18,0,5,2021,6,Summer
2021-06-17,17.6,26.900000000000002,8.283333333333333,30.2,4,1.25,0.85,6,2021,6,Summer
2021-06-18,19.866666666666667,24.666666666666668,15.033333333333333,27.8,10.7,0.25,2.1166666666666667,6,2021,6,Summer
2021-06-19,19.316666666666666,25.083333333333332,13.5,30.9,8,0.8333333333333333,2.15,6,2021,6,Summer
2021-06-20,19.316666666666666,26.45,12.133333333333333,30.3,6.2,0.9,2.216666666666667,6,2021,6,Summer
2021-06-21,17.266666666666666,24.7,9.766666666666667,29.7,4.5,2.1,1.3666666666666667,6,2021,6,Summer
2021-06-22,12.316666666666666,17.616666666666667,6.966666666666667,20,1.6,5.683333333333334,0,6,2021,6,Summer
2021-06-23,15.116666666666667,22.883333333333333,7.300000000000001,26,5.9,2.8833333333333333,0,6,2021,6,Summer
2021-06-24,20.183333333333334,26.066666666666666,14.283333333333333,28.1,10.5,0.06666666666666667,2.25,6,2021,6,Summer
2021-06-25,20.75,24.45,16.983333333333334,27.1,9.6,0,2.75,6,2021,6,Summer
2021-06-26,21.71666666666667,25.816666666666666,17.566666666666666,28.4,10.9,0.049999999999999996,3.7666666666666666,6,2021,6,Summer
2021-06-27,24.1,28.133333333333333,20,31.6,13,0,6.1,6,2021,6,Summer
2021-06-28,24.416666666666668,29.76666666666667,19,32.2,10.7,0,6.416666666666667,6,2021,6,Summer
2021-06-29,23.5,28.316666666666666,18.65,32.5,13.3,0,5.5,6,2021,6,Summer
2021-06-30,21.766666666666666,27.083333333333332,16.416666666666668,29.9,11.6,0,3.7666666666666666,6,2021,6,Summer
2021-07-01,18.2,22.866666666666667,13.483333333333333,26.3,9.7,1.1166666666666667,1.3166666666666667,6,2021,7,Summer
2021-07-02,18.98,24.06,13.86,25,11.6,0.1,1.08,5,2021,7,Summer
2021-07-03,20.46666666666667,26.716666666666665,14.183333333333334,34.3,11.6,0.1,2.566666666666667,6,2021,7,Summer
2021-07-04,21.28333333333333,27.8,14.716666666666667,31.5,11.8,0,3.283333333333333,6,2021,7,Summer
2021-07-05,23.6,30,17.183333333333334,32.3,11.6,0,5.6,6,2021,7,Summer
2021-07-06,23.2,28.85,17.5,33.2,7.6,0.65,5.85,6,2021,7,Summer
2021-07-07,18.45,23.2,13.65,31,4,2.0833333333333335,2.533333333333333,6,2021,7,Summer
2021-07-08,16.633333333333333,20.866666666666667,12.366666666666667,25.9,2.8,2.2,0.8333333333333333,6,2021,7,Summer
2021-07-09,17.53333333333333,22.666666666666664,12.3,27.7,5.8,0.7,0.2333333333333333,6,2021,7,Summer
2021-07-10,18.2,25.21666666666667,11.133333333333333,28.2,7.6,0.13333333333333333,0.33333333333333337,6,2021,7,Summer
2021-07-11,18.46666666666667,22.866666666666667,14.033333333333333,27.5,11.2,0.33333333333333337,0.8,6,2021,7,Summer
2021-07-12,20.6,25.233333333333334,15.916666666666666,28.3,10.5,0.15,2.75,6,2021,7,Summer
2021-07-13,22.066666666666666,26.85,17.2,28.4,9.1,0,4.066666666666666,6,2021,7,Summer
2021-07-14,22.6,27.466666666666665,17.7,29.5,12.7,0,4.6,6,2021,7,Summer
2021-07-15,22.166666666666668,27.683333333333334,16.616666666666667,30,10.8,0.15,4.316666666666666,6,2021,7,Summer
2021-07-16,20.1,25.116666666666667,15.033333333333333,28.9,9.7,0,2.1,6,2021,7,Summer
2021-07-17,20.75,26.21666666666667,15.266666666666666,31.4,10.5,0,2.75,6,2021,7,Summer
2021-07-18,22.833333333333332,29.433333333333334,16.166666666666668,32.4,13.9,0,4.833333333333333,6,2021,7,Summer
2021-07-19,22.983333333333334,29.4,16.5,30.8,14,0,4.983333333333333,6,2021,7,Summer
2021-07-20,18.85,24.7,12.9,29.5,7.7,1.575,2.425,4,2021,7,Summer
2021-07-21,17.983333333333334,24.183333333333334,11.7,25.6,5.9,0.7333333333333334,0.7166666666666666,6,2021,7,Summer
2021-07-22,18.6,24.416666666666668,12.766666666666666,26.1,10.9,0.08333333333333333,0.6833333333333333,6,2021,7,Summer
2021-07-23,19.666666666666664,24.96666666666667,14.316666666666666,26.6,11.2,0,1.6666666666666665,6,2021,7,Summer
2021-07-24,20.516666666666666,25.383333333333333,15.566666666666666,31.5,11.9,0.2166666666666667,2.7333333333333334,6,2021,7,Summer
2021-07-25,22.716666666666665,29,16.416666666666668,31.6,12.4,0,4.716666666666667,6,2021,7,Summer
2021-07-26,22.083333333333332,29.28333333333333,14.866666666666667,31.7,12,0,4.083333333333333,6,2021,7,Summer
2021-07-27,20.016666666666666,24.866666666666667,15.116666666666667,29.6,12.5,0.3833333333333333,2.4,6,2021,7,Summer
2021-07-28,19.983333333333334,25.566666666666666,14.366666666666667,28.7,11.1,0,1.9833333333333334,6,2021,7,Summer
2021-07-29,20.1,25.366666666666667,14.799999999999999,30.8,8.6,0.6666666666666667,2.7666666666666666,6,2021,7,Summer
2021-07-30,15.459999999999999,20.98,9.879999999999999,23.9,5,2.64,0.1,5,2021,7,Summer
2021-07-31,16.583333333333332,22.6,10.516666666666666,26,8,1.65,0.23333333333333334,6,2021,7,Summer
2021-08-01,16.88,22.16,11.56,25.1,8.7,1.56,0.44000000000000006,5,2021,8,Summer
2021-08-02,18.3,25.16,11.379999999999999,28.4,7.8,0.4,0.7,5,2021,8,Summer
2021-08-03,19.68,26.46,12.84,27.6,11.4,0,1.68,5,2021,8,Summer
2021-08-04,20.46666666666667,27.7,13.183333333333334,30,11.1,0,2.466666666666667,6,2021,8,Summer
2021-08-05,21.75,28.933333333333334,14.516666666666666,35.4,11.2,0,3.75,6,2021,8,Summer
2021-08-06,21.316666666666666,26.75,15.85,30,14.3,0,3.3166666666666664,6,2021,8,Summer
2021-08-07,20.53333333333333,24.466666666666665,16.55,27.9,13.9,0.5166666666666666,3.0500000000000003,6,2021,8,Summer
2021-08-08,21.266666666666666,25.55,16.933333333333334,29.9,14.5,0.1,3.3666666666666667,6,2021,8,Summer
2021-08-09,24.56,29.62,19.44,30.9,17.6,0,6.56,5,2021,8,Summer
2021-08-10,23.28,27.02,19.48,31.4,13.7,0,5.28,5,2021,8,Summer
2021-08-11,24.4,29.24,19.5,32,13.4,0,6.3999999999999995,5,2021,8,Summer
2021-08-12,23.616666666666667,28.483333333333334,18.716666666666665,30.2,11.1,0.03333333333333333,5.65,6,2021,8,Summer
2021-08-13,21.316666666666666,27.116666666666667,15.483333333333334,30.1,7.4,0.5666666666666667,3.8833333333333333,6,2021,8,Summer
2021-08-14,17.66,24.18,11.1,26.5,5,1.1,0.7599999999999999,5,2021,8,Summer
2021-08-15,18.183333333333334,25.65,10.666666666666666,34.4,8.5,0.6,0.7833333333333333,6,2021,8,Summer
2021-08-16,19.65,25.866666666666667,13.4,29.3,9.8,0.03333333333333334,1.6833333333333333,6,2021,8,Summer
2021-08-17,21.28333333333333,26.466666666666665,16.05,28.9,11.2,0,3.283333333333333,6,2021,8,Summer
2021-08-18,22.866666666666667,28.75,16.95,33.2,11.5,0,4.866666666666666,6,2021,8,Summer
2021-08-19,23.5,29.683333333333334,17.266666666666666,31.8,15,0,5.5,6,2021,8,Summer
2021-08-20,23.766666666666666,30.466666666666665,17.03333333333333,32.8,14,0,5.766666666666667,6,2021,8,Summer
2021-08-21,23.883333333333333,29.866666666666667,17.866666666666667,32.9,12.3,0,5.883333333333333,6,2021,8,Summer
2021-08-22,22.96666666666667,29.3,16.6,32.7,6.5,0.48333333333333334,5.45,6,2021,8,Summer
2021-08-23,23.883333333333333,29.833333333333332,17.9,32.3,14.1,0,5.883333333333334,6,2021,8,Summer
2021-08-24,23.06,29.900000000000002,16.14,33.7,9.6,0.36,5.42,5,2021,8,Summer
2021-08-25,24.366666666666667,30.099999999999998,18.55,32.8,10,0,6.366666666666667,6,2021,8,Summer
2021-08-26,23.283333333333335,29.066666666666666,17.433333333333334,32.7,7.6,0.5833333333333334,5.866666666666666,6,2021,8,Summer
2021-08-27,20.45,23.516666666666666,17.3,29.5,12.2,0.9666666666666667,3.416666666666667,6,2021,8,Summer
2021-08-28,20.966666666666665,25.116666666666667,16.75,31.4,12.8,0.2833333333333333,3.25,6,2021,8,Summer
2021-08-29,23.533333333333335,28.78333333333333,18.233333333333334,32.4,15.5,0,5.533333333333333,6,2021,8,Summer
2021-08-30,21.366666666666667,27.183333333333334,15.5,29.1,10,0.049999999999999996,3.4166666666666665,6,2021,8,Summer
2021-08-31,18.966666666666665,24.483333333333334,13.4,26.4,7.3,0.75,1.7166666666666666,6,2021,8,Summer
2021-09-01,18.02,23.779999999999998,12.24,25.4,6.3,0.88,0.9,5,2021,9,Fall
2021-09-02,15,21.316666666666666,8.65,26.1,4.3,3.166666666666667,0.16666666666666669,6,2021,9,Fall
2021-09-03,16.683333333333334,22.866666666666667,10.433333333333334,24.1,7.9,1.4333333333333333,0.11666666666666665,6,2021,9,Fall
2021-09-04,18.2,24.22,12.14,25.6,9.6,0.3,0.5,5,2021,9,Fall
2021-09-05,18.533333333333335,24,13.05,26.9,8.8,0.85,1.3833333333333333,6,2021,9,Fall
2021-09-06,16.383333333333333,21.766666666666666,10.966666666666667,25,7.8,1.8666666666666667,0.25,6,2021,9,Fall
2021-09-07,17.4,23.9,10.833333333333334,30.7,7.8,1.2166666666666666,0.6166666666666667,6,2021,9,Fall
2021-09-08,18.483333333333334,23.28333333333333,13.65,25.6,10.3,0.7666666666666667,1.25,6,2021,9,Fall
2021-09-09,15.766666666666666,21.316666666666666,10.166666666666666,23.4,6.6,2.2333333333333334,0,6,2021,9,Fall
2021-09-10,15.966666666666667,22.25,9.616666666666667,24.5,7.3,2.033333333333333,0,6,2021,9,Fall
2021-09-11,18.15,24.4,11.866666666666667,27.1,9,0.6166666666666667,0.7666666666666667,6,2021,9,Fall
2021-09-12,18.15,22.883333333333333,13.383333333333333,28.9,5.4,1.6,1.75,6,2021,9,Fall
2021-09-13,15.866666666666667,20.766666666666666,10.9,23.7,4.4,2.583333333333333,0.45,6,2021,9,Fall
2021-09-14,18.683333333333334,24.85,12.433333333333334,32.1,8.4,1.6333333333333333,2.3166666666666664,6,2021,9,Fall
2021-09-15,16.25,21.816666666666666,10.616666666666667,24.2,4.4,2.033333333333333,0.2833333333333333,6,2021,9,Fall
2021-09-16,17.2,23.71666666666667,10.666666666666668,26.4,7.4,1.0333333333333332,0.2333333333333333,6,2021,9,Fall
2021-09-17,18.2,25.53333333333333,10.85,29.3,5,0.9666666666666667,1.1666666666666667,6,2021,9,Fall
2021-09-18,15.85,22.2,9.450000000000001,24.6,2.9,2.4,0.25,6,2021,9,Fall
2021-09-19,16.78333333333333,23.6,9.933333333333334,28.6,6.3,2,0.7833333333333333,6,2021,9,Fall
2021-09-20,18.116666666666667,25.333333333333332,10.833333333333334,28.1,4.7,0.8666666666666666,0.9833333333333334,6,2021,9,Fall
2021-09-21,17.25,21.666666666666668,12.816666666666666,25.3,5.1,1.8,1.05,6,2021,9,Fall
2021-09-22,13.183333333333334,16.583333333333332,9.75,20.2,1.5,4.816666666666666,0,6,2021,9,Fall
2021-09-23,12.766666666666666,16,9.466666666666667,22.8,2.2,5.433333333333334,0.2,6,2021,9,Fall
2021-09-24,13.05,17.433333333333334,8.616666666666667,22.2,3.4,4.95,0,6,2021,9,Fall
2021-09-25,12.78,18.84,6.66,21.8,3.1,5.22,0,5,2021,9,Fall
2021-09-26,13.9,20.9,6.86,23.5,2.4,4.1,0,5,2021,9,Fall
2021-09-27,15.316666666666666,20.833333333333332,9.75,26.9,1.8,3.733333333333334,1.05,6,2021,9,Fall
2021-09-28,12.583333333333334,18.46666666666667,6.65,20.7,1.4,5.416666666666667,0,6,2021,9,Fall
2021-09-29,12.6,18.26,6.9,21.1,4.4,5.4,0,5,2021,9,Fall
2021-09-30,11.68,16.52,6.76,21,5.2,6.32,0,5,2021,9,Fall
2021-10-01,13.15,20.5,5.75,22.7,4.2,4.85,0,4,2021,10,Fall
2021-10-02,16.7,21.6,11.76,25.6,10,1.66,0.36,5,2021,10,Fall
2021-10-03,16.42,18.08,14.68,23.7,10.2,2.38,0.8,5,2021,10,Fall
2021-10-04,15.84,18.72,12.959999999999999,23,7.9,2.6,0.44000000000000006,5,2021,10,Fall
2021-10-05,15.48,19.06,11.879999999999999,19.9,7.1,2.52,0,5,2021,10,Fall
2021-10-06,15.28,19.58,10.94,21.6,5.7,2.7199999999999998,0,5,2021,10,Fall
2021-10-07,17.85,22.075,13.6,24.6,7,1.2,1.0499999999999998,4,2021,10,Fall
2021-10-08,17.36,22.3,12.34,23.6,6.2,1.3599999999999999,0.72,5,2021,10,Fall
2021-10-09,17.560000000000002,20.76,14.34,24.5,9.9,1.22,0.78,5,2021,10,Fall
2021-10-10,17.98,20.28,15.66,24.6,12.4,0.76,0.7400000000000001,5,2021,10,Fall
2021-10-11,19.76,23.6,15.9,27.2,13.6,0,1.76,5,2021,10,Fall
2021-10-12,19.02,22.7,15.28,24.6,11.1,0.02,1.04,5,2021,10,Fall
2021-10-13,17.599999999999998,21.42,13.74,23,12.5,0.72,0.32,5,2021,10,Fall
2021-10-14,17.88,22.32,13.4,27.7,10.2,1.06,0.94,5,2021,10,Fall
2021-10-15,14.85,17.433333333333334,12.183333333333334,20.8,7.1,3.2,0.05,6,2021,10,Fall
2021-10-16,11.68,15.66,7.62,18.9,5,6.32,0,5,2021,10,Fall
2021-10-17,10,14.24,5.68,17.2,3.6,8,0,5,2021,10,Fall
2021-10-18,9.5,14.299999999999999,4.675,17.9,3.4,8.5,0,4,2021,10,Fall
2021-10-19,12.12,21.02,3.16,23,1.7,5.88,0,5,2021,10,Fall
2021-10-20,13.175,18.175,8.1,21.3,4.8,4.825,0,4,2021,10,Fall
2021-10-21,10.76,15.06,6.44,19.4,-1.1,7.24,0,5,2021,10,Fall
2021-10-22,5.66,9.1,2.18,12,-1,12.34,0,5,2021,10,Fall
2021-10-23,5.58,9.66,1.48,12.4,-0.1,12.42,0,5,2021,10,Fall
2021-10-24,6.08,11.200000000000001,0.94,13.3,-1.2,11.92,0,5,2021,10,Fall
2021-10-25,6.46,8.48,4.34,10.3,2.3,11.540000000000001,0,5,2021,10,Fall
2021-10-26,6.48,8.44,4.46,10.5,1.8,11.52,0,5,2021,10,Fall
2021-10-27,9.799999999999999,13.92,5.62,16.2,4.3,8.200000000000001,0,5,2021,10,Fall
2021-10-28,8.22,12.42,3.96,16.6,1.1,9.78,0,5,2021,10,Fall
2021-10-29,9.48,13.379999999999999,5.54,14.4,0.9,8.52,0,5,2021,10,Fall
2021-10-30,8.56,10.2,6.88,11.1,4.5,9.44,0,5,2021,10,Fall
2021-10-31,9.48,13.5,5.36,15.1,1.3,8.52,0,5,2021,10,Fall
2021-11-01,5.34,9.56,1.1,11.2,-2.1,12.66,0,5,2021,11,Fall
2021-11-02,2.85,7.016666666666667,-1.3499999999999999,9.6,-4.2,15.15,0,6,2021,11,Fall
2021-11-03,1.2400000000000002,5.3,-2.84,7.6,-7.2,16.76,0,5,2021,11,Fall
2021-11-04,1.48,6.22,-3.3,8.5,-6.7,16.52,0,5,2021,11,Fall
2021-11-05,3.04,9.12,-3.1,10.2,-4.2,14.959999999999999,0,5,2021,11,Fall
2021-11-06,5.02,10.66,-0.6599999999999999,11.6,-3.1,12.98,0,5,2021,11,Fall
2021-11-07,8.14,14.879999999999999,1.32,16.4,-2.8,9.86,0,5,2021,11,Fall
2021-11-08,9.9,17,2.78,19.1,0.3,8.1,0,5,2021,11,Fall
2021-11-09,8.34,12.879999999999999,3.7399999999999998,14.4,-0.4,9.66,0,5,2021,11,Fall
2021-11-10,5.34,11.48,-0.8400000000000001,13,-1.8,12.66,0,5,2021,11,Fall
2021-11-11,7.48,12.74,2.1799999999999997,19.4,-3.2,10.52,0,5,2021,11,Fall
2021-11-12,7,11.42,2.5,12.4,1,11,0,5,2021,11,Fall
2021-11-13,2.8,5.716666666666667,-0.15000000000000016,7.6,-2.9,15.2,0,6,2021,11,Fall
2021-11-14,0.9833333333333333,3.0666666666666664,-1.1,5.5,-4,17.016666666666666,0,6,2021,11,Fall
2021-11-15,1.2166666666666666,3.7666666666666666,-1.35,5.8,-4,16.783333333333335,0,6,2021,11,Fall
2021-11-16,0.1399999999999999,3.82,-3.58,6,-6,17.86,0,5,2021,11,Fall
2021-11-17,4.84,10.34,-0.6400000000000002,16.9,-6.6,13.16,0,5,2021,11,Fall
2021-11-18,3.5,7.783333333333333,-0.8166666666666665,15.1,-4.3,14.5,0,6,2021,11,Fall
2021-11-19,0.96,4.84,-2.94,6.2,-5.4,17.04,0,5,2021,11,Fall
2021-11-20,1.14,4.48,-2.22,5.9,-6.9,16.86,0,5,2021,11,Fall
2021-11-21,2.7600000000000002,6.28,-0.7999999999999999,8,-2.9,15.24,0,5,2021,11,Fall
2021-11-22,-2.2666666666666666,1.35,-5.866666666666667,5.9,-12.3,20.266666666666666,0,6,2021,11,Fall
2021-11-23,-2.7,1,-6.36,3.9,-8.4,20.7,0,5,2021,11,Fall
2021-11-24,1.4599999999999997,7.1,-4.22,8.7,-10.9,16.54,0,5,2021,11,Fall
2021-11-25,-0.11666666666666632,3.45,-3.6833333333333336,7.5,-15.3,18.116666666666667,0,6,2021,11,Fall
2021-11-26,-4.183333333333334,-0.6166666666666667,-7.7,3.6,-17.6,22.183333333333334,0,6,2021,11,Fall
2021-11-27,-5.52,-2.34,-8.68,1.4,-20.1,23.52,0,5,2021,11,Fall
2021-11-28,-2.66,-0.17999999999999983,-5.1,3.1,-12.2,20.66,0,5,2021,11,Fall
2021-11-29,-3.28,0.09999999999999992,-6.58,3.5,-8.8,21.28,0,5,2021,11,Fall
2021-11-30,-1.4000000000000001,1.8800000000000001,-4.66,5.7,-9.2,19.400000000000002,0,5,2021,11,Fall
2021-12-01,0.15999999999999995,4.28,-3.9200000000000004,6.1,-9.5,17.84,0,5,2021,12,Winter
2021-12-02,3.62,8.76,-1.5599999999999998,13.3,-10,14.379999999999999,0,5,2021,12,Winter
2021-12-03,-3.8833333333333333,-0.9499999999999997,-6.85,2.2,-16.3,21.883333333333333,0,6,2021,12,Winter
2021-12-04,-2.7333333333333334,1.366666666666667,-6.833333333333333,7,-14.7,20.733333333333334,0,6,2021,12,Winter
2021-12-05,-3.3,1.5666666666666669,-8.166666666666666,8.8,-15.6,21.3,0,6,2021,12,Winter
2021-12-06,-1.5666666666666667,5.716666666666667,-8.85,11.2,-24.4,19.566666666666666,0,6,2021,12,Winter
2021-12-07,-9.933333333333334,-6.216666666666667,-13.583333333333334,-1.6,-27.3,27.933333333333334,0,6,2021,12,Winter
2021-12-08,-6.319999999999999,-3.52,-9.08,0,-16.9,24.32,0,5,2021,12,Winter
2021-12-09,-6.675,-2.5,-10.8,3.8,-20.6,24.675,0,4,2021,12,Winter
2021-12-10,-0.7666666666666668,3.2,-4.733333333333333,11.7,-14.6,18.766666666666666,0,6,2021,12,Winter
2021-12-11,4.483333333333333,11.15,-2.183333333333333,17.9,-7.3,13.516666666666666,0,6,2021,12,Winter
2021-12-12,0.9333333333333335,5.583333333333334,-3.7333333333333334,7.3,-14.1,17.066666666666666,0,6,2021,12,Winter
2021-12-13,2.6333333333333337,7.183333333333334,-1.9666666666666668,9.3,-12.9,15.366666666666667,0,6,2021,12,Winter
2021-12-14,-0.2666666666666666,4.583333333333333,-5.116666666666667,8.8,-13.5,18.266666666666666,0,6,2021,12,Winter
2021-12-15,4.15,7.65,0.5833333333333331,12.9,-6,13.85,0,6,2021,12,Winter
2021-12-16,6.45,13.65,-0.7666666666666666,17.1,-11.7,11.55,0,6,2021,12,Winter
2021-12-17,-1.4166666666666667,1.7166666666666666,-4.566666666666666,6.7,-12.7,19.416666666666668,0,6,2021,12,Winter
2021-12-18,-4.816666666666666,-2.583333333333333,-7.033333333333333,1.2,-14.7,22.816666666666666,0,6,2021,12,Winter
2021-12-19,-6.1,-2.725,-9.475,-0.4,-18.1,24.1,0,4,2021,12,Winter
2021-12-20,-4.46,1.3,-10.16,3.7,-19.9,22.46,0,5,2021,12,Winter
2021-12-21,-4.283333333333333,-0.45000000000000007,-8.066666666666666,4,-18.1,22.28333333333333,0,6,2021,12,Winter
2021-12-22,-6.983333333333333,-1.5333333333333334,-12.4,3.5,-25.7,24.983333333333334,0,6,2021,12,Winter
2021-12-23,-7.783333333333333,-3.033333333333333,-12.466666666666667,4.1,-23.1,25.78333333333333,0,6,2021,12,Winter
2021-12-24,-1.8666666666666665,1.75,-5.466666666666667,9.7,-16.1,19.866666666666667,0,6,2021,12,Winter
2021-12-25,-0.9199999999999998,3.1999999999999997,-5.0200000000000005,11.1,-14.3,18.919999999999998,0,5,2021,12,Winter
2021-12-26,-3.7800000000000002,0.11999999999999993,-7.64,4.1,-16.3,21.78,0,5,2021,12,Winter
2021-12-27,-5.516666666666667,-2.6166666666666667,-8.366666666666667,4.3,-17.2,23.516666666666666,0,6,2021,12,Winter
2021-12-28,-3.733333333333333,-1.2500000000000002,-6.216666666666667,2.3,-15.1,21.733333333333334,0,6,2021,12,Winter
2021-12-29,-3.283333333333333,0.20000000000000018,-6.733333333333333,3.7,-19.6,21.28333333333333,0,6,2021,12,Winter
2021-12-30,-4.533333333333333,-1.7000000000000002,-7.316666666666666,2.2,-25.3,22.53333333333333,0,6,2021,12,Winter
2021-12-31,-2.3000000000000003,1.5,-6.116666666666666,6.7,-23.8,20.3,0,6,2021,12,Winter
2022-01-01,-5.65,-0.7666666666666666,-10.533333333333333,5.1,-28.1,23.65,0,6,2022,1,Winter
2022-01-02,-12.616666666666667,-8.233333333333334,-16.933333333333334,-2.9,-31.4,30.616666666666667,0,6,2022,1,Winter
2022-01-03,-12.416666666666666,-7.316666666666666,-17.433333333333334,-3.1,-26.6,30.416666666666664,0,6,2022,1,Winter
2022-01-04,-6.233333333333333,-1.3666666666666667,-11.016666666666666,2.6,-24.4,24.233333333333334,0,6,2022,1,Winter
2022-01-05,-5.46,-3.552713678800501e-16,-10.82,4.1,-22.4,23.46,0,5,2022,1,Winter
2022-01-06,-12.24,-8.4,-16.02,0.4,-25.6,30.240000000000002,0,5,2022,1,Winter
2022-01-07,-15.46,-11.26,-19.58,-5.8,-29.3,33.46,0,5,2022,1,Winter
2022-01-08,-10.833333333333334,-2.8666666666666667,-18.766666666666666,0.7,-24.8,28.833333333333332,0,6,2022,1,Winter
2022-01-09,-6.85,-0.38333333333333364,-13.233333333333334,3.6,-24.1,24.85,0,6,2022,1,Winter
2022-01-10,-16.4,-11.516666666666666,-21.266666666666666,-5.1,-31.5,34.4,0,6,2022,1,Winter
2022-01-11,-15.100000000000001,-6.733333333333333,-23.4,-1.4,-32.8,33.1,0,6,2022,1,Winter
2022-01-12,-4.86,-1.5999999999999999,-8.08,4.1,-16.3,22.86,0,5,2022,1,Winter
2022-01-13,-5.78,-2.3400000000000003,-9.14,1.2,-24.3,23.78,0,5,2022,1,Winter
2022-01-14,-13.22,-6.1000000000000005,-20.28,-1.1,-31.7,31.22,0,5,2022,1,Winter
2022-01-15,-18.7,-13.55,-23.8,-6.7,-31.6,36.7,0,6,2022,1,Winter
2022-01-16,-11.8,-5.716666666666667,-17.816666666666666,-1,-27.6,29.8,0,6,2022,1,Winter
2022-01-17,-8.083333333333334,-3.6833333333333336,-12.433333333333334,-0.9,-22.4,26.083333333333332,0,6,2022,1,Winter
2022-01-18,-10.216666666666667,-4.566666666666666,-15.8,0.6,-26,28.216666666666665,0,6,2022,1,Winter
2022-01-19,-7.916666666666666,-1.0666666666666669,-14.733333333333334,6.3,-24.3,25.916666666666668,0,6,2022,1,Winter
2022-01-20,-16.8,-11.9,-21.616666666666667,-6.2,-29.9,34.8,0,6,2022,1,Winter
2022-01-21,-16.85,-9.75,-23.916666666666668,-4.8,-31.2,34.85,0,6,2022,1,Winter
2022-01-22,-13.616666666666667,-7.116666666666667,-20.1,-3.4,-29.6,31.616666666666667,0,6,2022,1,Winter
2022-01-23,-15.366666666666667,-9.95,-20.733333333333334,-4,-28.1,33.36666666666667,0,6,2022,1,Winter
2022-01-24,-15.266666666666667,-9.4,-21.116666666666667,-4.5,-29.8,33.266666666666666,0,6,2022,1,Winter
2022-01-25,-15.866666666666667,-11.333333333333334,-20.333333333333332,-6.2,-32.3,33.86666666666667,0,6,2022,1,Winter
2022-01-26,-17.9,-10.14,-25.619999999999997,-7.2,-35.3,35.9,0,5,2022,1,Winter
2022-01-27,-11.566666666666666,-4.25,-18.85,-2.7,-25.3,29.566666666666666,0,6,2022,1,Winter
2022-01-28,-15.066666666666666,-8.116666666666667,-21.95,-4.3,-28.3,33.06666666666667,0,6,2022,1,Winter
2022-01-29,-18.016666666666666,-10.85,-25.133333333333333,-8.5,-29.1,36.016666666666666,0,6,2022,1,Winter
2022-01-30,-13.233333333333333,-7.633333333333334,-18.766666666666666,-4.6,-23.5,31.233333333333334,0,6,2022,1,Winter
2022-01-31,-9.233333333333334,-3.6166666666666667,-14.783333333333333,0.1,-18.8,27.233333333333334,0,6,2022,1,Winter
2022-02-01,-5.275,2.625,-13.149999999999999,5.7,-18.7,23.275,0,4,2022,2,Winter
2022-02-02,-4.1499999999999995,0.20000000000000018,-8.483333333333334,4.6,-23.8,22.150000000000002,0,6,2022,2,Winter
2022-02-03,-11.45,-6.683333333333334,-16.15,0.3,-30,29.45,0,6,2022,2,Winter
2022-02-04,-14.55,-10.616666666666667,-18.433333333333334,-6.1,-27.9,32.55,0,6,2022,2,Winter
2022-02-05,-15.816666666666666,-9.55,-22.016666666666666,-6.9,-29.3,33.81666666666666,0,6,2022,2,Winter
2022-02-06,-8,-3.54,-12.44,-0.2,-17.7,26,0,5,2022,2,Winter
2022-02-07,-7.380000000000001,-3.04,-11.64,-0.2,-27.9,25.38,0,5,2022,2,Winter
2022-02-08,-5.88,-2.12,-9.559999999999999,-0.4,-16.4,23.88,0,5,2022,2,Winter
2022-02-09,-3.166666666666667,2.1,-8.45,6,-13.8,21.166666666666664,0,6,2022,2,Winter
2022-02-10,-2.4833333333333334,0.95,-5.8999999999999995,3.4,-20.9,20.483333333333334,0,6,2022,2,Winter
2022-02-11,-3.066666666666667,1.6833333333333333,-7.833333333333334,4.1,-24.1,21.066666666666666,0,6,2022,2,Winter
2022-02-12,-11.766666666666667,-4.216666666666667,-19.28333333333333,2.5,-32.8,29.766666666666666,0,6,2022,2,Winter
2022-02-13,-17.516666666666666,-12.066666666666666,-22.916666666666668,-6.7,-38.1,35.516666666666666,0,6,2022,2,Winter
2022-02-14,-16.95,-10.8,-23.05,-7.7,-30.4,34.95,0,6,2022,2,Winter
2022-02-15,-12.183333333333334,-6.083333333333333,-18.233333333333334,-3.3,-32.3,30.183333333333334,0,6,2022,2,Winter
2022-02-16,-1.85,5.6,-9.3,10.7,-14.9,19.85,0,6,2022,2,Winter
2022-02-17,-4.933333333333334,2.216666666666667,-12.05,7.2,-31.6,22.933333333333334,0,6,2022,2,Winter
2022-02-18,-12.466666666666667,-6.666666666666667,-18.233333333333334,-1.7,-34.8,30.46666666666667,0,6,2022,2,Winter
2022-02-19,-9.866666666666667,-4.7,-14.983333333333334,-1.3,-21.6,27.866666666666667,0,6,2022,2,Winter
2022-02-20,-5.4,3,-13.716666666666667,6.9,-20.3,23.4,0,6,2022,2,Winter
2022-02-21,-4.716666666666667,-0.15000000000000022,-9.283333333333333,6.6,-23.5,22.716666666666665,0,6,2022,2,Winter
2022-02-22,-3.816666666666667,-0.08333333333333333,-7.566666666666666,11.2,-19.3,21.816666666666666,0,6,2022,2,Winter
2022-02-23,-10.76,-4.28,-17.2,1.1,-30.2,28.76,0,5,2022,2,Winter
2022-02-24,-13.35,-7.8,-18.85,-2.8,-35.7,31.349999999999998,0,6,2022,2,Winter
2022-02-25,-12.283333333333333,-6.883333333333334,-17.633333333333333,-3.5,-34.9,30.283333333333335,0,6,2022,2,Winter
2022-02-26,-9.966666666666667,-2.5166666666666666,-17.4,-0.3,-26,27.96666666666667,0,6,2022,2,Winter
2022-02-27,-6,-0.48000000000000004,-11.48,4.9,-24.5,24,0,5,2022,2,Winter
2022-02-28,-9.719999999999999,-4.62,-14.74,1.1,-24.9,27.720000000000002,0,5,2022,2,Winter
2022-03-01,-4.833333333333334,0.4833333333333332,-10.116666666666665,9.4,-16.9,22.833333333333332,0,6,2022,3,Spring
2022-03-02,-5.65,-0.23333333333333311,-11.066666666666666,5.8,-20.7,23.65,0,6,2022,3,Spring
2022-03-03,-10.916666666666666,-5.35,-16.433333333333334,-0.3,-24.9,28.916666666666668,0,6,2022,3,Spring
2022-03-04,-7.95,-0.6,-15.25,1.8,-20.5,25.95,0,6,2022,3,Spring
2022-03-05,-2.183333333333333,3.783333333333333,-8.116666666666667,13.1,-15.9,20.183333333333334,0,6,2022,3,Spring
2022-03-06,5.3999999999999995,12.04,-1.24,16.3,-5.5,12.6,0,5,2022,3,Spring
2022-03-07,-2.72,0.86,-6.279999999999999,3.2,-15.4,20.72,0,5,2022,3,Spring
2022-03-08,-3.966666666666667,1.0833333333333333,-8.983333333333334,3.2,-22.1,21.96666666666667,0,6,2022,3,Spring
2022-03-09,-1.9333333333333331,2.7666666666666666,-6.683333333333333,7.6,-16.7,19.933333333333334,0,6,2022,3,Spring
2022-03-10,-4.2333333333333325,0.7166666666666667,-9.183333333333334,5.1,-26,22.233333333333334,0,6,2022,3,Spring
2022-03-11,-6.140000000000001,-2.54,-9.68,0.3,-18.8,24.14,0,5,2022,3,Spring
2022-03-12,-9.483333333333333,-5.35,-13.566666666666666,-2.2,-24.4,27.483333333333334,0,6,2022,3,Spring
2022-03-13,-7.333333333333333,-1.2833333333333332,-13.316666666666666,6.4,-18.6,25.333333333333332,0,6,2022,3,Spring
2022-03-14,-1.4833333333333336,5.283333333333333,-8.216666666666667,13.6,-18.1,19.483333333333334,0,6,2022,3,Spring
2022-03-15,-0.23333333333333325,4.616666666666667,-5.066666666666666,10.9,-12,18.233333333333334,0,6,2022,3,Spring
2022-03-16,2.816666666666667,7.966666666666667,-2.35,18.5,-4.3,15.183333333333334,0,6,2022,3,Spring
2022-03-17,7.666666666666667,15.333333333333334,-0.08333333333333338,21.2,-1.1,10.333333333333334,0,6,2022,3,Spring
2022-03-18,5.533333333333333,9.566666666666666,1.45,16.5,-7.5,12.466666666666667,0,6,2022,3,Spring
2022-03-19,4.033333333333333,7.75,0.2833333333333334,10.7,-10.5,13.966666666666667,0,6,2022,3,Spring
2022-03-20,4.6,10.05,-0.8666666666666668,14.1,-6.8,13.4,0,6,2022,3,Spring
2022-03-21,5.225,11.75,-1.35,15.1,-2.9,12.775,0,4,2022,3,Spring
2022-03-22,1.1199999999999999,5.08,-2.88,6.6,-8.6,16.88,0,5,2022,3,Spring
2022-03-23,2.28,4.92,-0.38,10.2,-5.8,15.72,0,5,2022,3,Spring
2022-03-24,4.683333333333334,8.35,0.9666666666666667,11.4,-5.1,13.316666666666666,0,6,2022,3,Spring
2022-03-25,2.7666666666666666,5.883333333333334,-0.3833333333333334,10.3,-8.4,15.233333333333334,0,6,2022,3,Spring
2022-03-26,-0.64,3.2399999999999998,-4.54,7.8,-13.7,18.64,0,5,2022,3,Spring
2022-03-27,-7.866666666666667,-3.7666666666666666,-11.9,1,-18.8,25.866666666666667,0,6,2022,3,Spring
2022-03-28,-9.366666666666667,-4.55,-14.116666666666667,-0.9,-24,27.366666666666667,0,6,2022,3,Spring
2022-03-29,-5.216666666666667,1.1166666666666667,-11.483333333333333,3.1,-16.9,23.21666666666667,0,6,2022,3,Spring
2022-03-30,-1.66,2.48,-5.779999999999999,4.6,-10.2,19.66,0,5,2022,3,Spring
2022-03-31,5.5,11.783333333333333,-0.7833333333333333,18.2,-4,12.5,0,6,2022,3,Spring
2022-04-01,0.10000000000000014,4.08,-3.9,6.3,-12,17.9,0,5,2022,4,Spring
2022-04-02,0.45000000000000007,5.466666666666667,-4.616666666666666,6.8,-7.7,17.55,0,6,2022,4,Spring
2022-04-03,2.48,6.4799999999999995,-1.58,8,-2.7,15.52,0,5,2022,4,Spring
2022-04-04,1.75,5.833333333333333,-2.35,10,-5.1,16.25,0,6,2022,4,Spring
2022-04-05,5.74,10.74,0.72,13.8,-0.6,12.26,0,5,2022,4,Spring
2022-04-06,7.5,11.75,3.216666666666667,16.1,0.4,10.5,0,6,2022,4,Spring
2022-04-07,5.316666666666666,8.833333333333334,1.7333333333333334,13.8,-1.7,12.683333333333334,0,6,2022,4,Spring
2022-04-08,3.9,7.733333333333333,0.050000000000000044,10,-4.3,14.100000000000001,0,6,2022,4,Spring
2022-04-09,2.4833333333333334,6.316666666666666,-1.4000000000000001,10.7,-5,15.516666666666666,0,6,2022,4,Spring
2022-04-10,3.7,8.516666666666666,-1.1833333333333333,11.6,-3.8,14.3,0,6,2022,4,Spring
2022-04-11,6.416666666666667,13.1,-0.2833333333333333,20.9,-4,11.583333333333334,0,6,2022,4,Spring
2022-04-12,10.525,17.275,3.725,17.9,1.8,7.475,0,4,2022,4,Spring
2022-04-13,10.8,14.48,7.06,20.7,0.3,7.2,0,5,2022,4,Spring
2022-04-14,7.216666666666667,11.633333333333333,2.75,15.7,-2.2,10.783333333333333,0,6,2022,4,Spring
2022-04-15,5.7,10.42,0.94,14.8,-6,12.3,0,5,2022,4,Spring
2022-04-16,0.9200000000000004,4.88,-3.06,9.6,-6.6,17.080000000000002,0,5,2022,4,Spring
2022-04-17,0.9166666666666667,5.266666666666667,-3.4833333333333334,9,-6.1,17.083333333333332,0,6,2022,4,Spring
2022-04-18,2.1666666666666665,6.5,-2.216666666666667,11.7,-3.8,15.833333333333332,0,6,2022,4,Spring
2022-04-19,1.7333333333333334,4.3,-0.8666666666666667,6.2,-4.2,16.266666666666666,0,6,2022,4,Spring
2022-04-20,2.716666666666667,7.966666666666667,-2.566666666666667,10.4,-7.2,15.283333333333333,0,6,2022,4,Spring
2022-04-21,7.883333333333333,13.65,2.066666666666667,19.3,-4.1,10.116666666666667,0,6,2022,4,Spring
2022-04-22,5.28,10.48,0.05999999999999996,13,-4.7,12.72,0,5,2022,4,Spring
2022-04-23,7.483333333333333,11.866666666666667,3.0833333333333335,25.1,-1.1,10.516666666666667,0,6,2022,4,Spring
2022-04-24,12.216666666666667,18.8,5.616666666666667,27.3,2.1,6,0.21666666666666667,6,2022,4,Spring
2022-04-25,10.516666666666666,15.433333333333334,5.55,20.7,-3.9,7.483333333333333,0,6,2022,4,Spring
2022-04-26,3.9,7.95,-0.1833333333333332,15.1,-7.2,14.1,0,6,2022,4,Spring
2022-04-27,0.21666666666666667,4.066666666666666,-3.683333333333333,6,-7.8,17.783333333333335,0,6,2022,4,Spring
2022-04-28,2.4333333333333336,9.200000000000001,-4.316666666666666,10.8,-9.4,15.566666666666666,0,6,2022,4,Spring
2022-04-29,5.333333333333334,12.4,-1.8,15,-3.3,12.666666666666666,0,6,2022,4,Spring
2022-04-30,7.533333333333333,14.399999999999999,0.6166666666666666,16.9,-1.4,10.466666666666667,0,6,2022,4,Spring
2022-05-01,9.45,14.233333333333334,4.616666666666666,20.8,1.8,8.55,0,6,2022,5,Spring
2022-05-02,9.366666666666667,12.283333333333333,6.383333333333334,15.4,2.2,8.633333333333333,0,6,2022,5,Spring
2022-05-03,8.06,11.34,4.76,14.1,-2.6,9.94,0,5,2022,5,Spring
2022-05-04,9.2,15.233333333333334,3.1333333333333333,18.1,-3.8,8.8,0,6,2022,5,Spring
2022-05-05,8.816666666666666,15.766666666666667,1.7999999999999998,18.3,-3.7,9.183333333333334,0,6,2022,5,Spring
2022-05-06,10.283333333333333,15.266666666666666,5.266666666666667,16.8,-3.1,7.716666666666667,0,6,2022,5,Spring
2022-05-07,9.7,15.66,3.6799999999999997,17.2,-1.7,8.3,0,5,2022,5,Spring
2022-05-08,9.92,16.88,2.92,19.2,1.1,8.08,0,5,2022,5,Spring
2022-05-09,12.066666666666666,20.05,4.033333333333333,22.9,3,5.933333333333334,0,6,2022,5,Spring
2022-05-10,15.42,24.84,5.92,26.5,2.1,2.58,0,5,2022,5,Spring
2022-05-11,17.033333333333335,25.866666666666667,8.183333333333334,28.4,1.4,1.5666666666666669,0.6,6,2022,5,Spring
2022-05-12,18.916666666666668,26.8,10.983333333333334,30.5,9.2,0.7000000000000001,1.6166666666666667,6,2022,5,Spring
2022-05-13,19.3,26.616666666666667,11.933333333333334,30.3,7.1,0.9,2.2,6,2022,5,Spring
2022-05-14,20.116666666666667,27.416666666666664,12.75,31.2,5.6,0.5499999999999999,2.6666666666666665,6,2022,5,Spring
2022-05-15,19.466666666666665,26.78333333333333,12.116666666666667,29.8,3.8,0.9833333333333334,2.45,6,2022,5,Spring
2022-05-16,14.139999999999999,19.62,8.64,23.8,2.2,3.86,0,5,2022,5,Spring
2022-05-17,10.333333333333332,15.866666666666667,4.733333333333333,19.5,-0.5,7.666666666666666,0,6,2022,5,Spring
2022-05-18,9.366666666666667,14.333333333333334,4.333333333333333,17.9,1.1,8.633333333333333,0,6,2022,5,Spring
2022-05-19,12.4,17.75,7,25,1.6,5.733333333333333,0.13333333333333336,6,2022,5,Spring
2022-05-20,17.44,24.8,10.08,28.5,4.3,1.5,0.9400000000000001,5,2022,5,Spring
2022-05-21,18.366666666666667,24.2,12.483333333333333,30.8,1,2.5,2.8666666666666667,6,2022,5,Spring
2022-05-22,11.7,16.833333333333332,6.5,20.8,0.4,6.3,0,6,2022,5,Spring
2022-05-23,10.1,15.933333333333334,4.216666666666667,18,-2.1,7.9,0,6,2022,5,Spring
2022-05-24,12.1,19.85,4.316666666666666,23,-0.3,5.9,0,6,2022,5,Spring
2022-05-25,13.2,18.96666666666667,7.366666666666667,21.2,4.7,4.8,0,6,2022,5,Spring
2022-05-26,17.8,22.516666666666666,13.033333333333333,26.9,8.9,1.5333333333333334,1.3333333333333333,6,2022,5,Spring
2022-05-27,17.233333333333334,21.96666666666667,12.466666666666667,24,7.5,1.35,0.5833333333333334,6,2022,5,Spring
2022-05-28,15.116666666666667,20,10.2,22.6,6.3,2.8833333333333333,0,6,2022,5,Spring
2022-05-29,16.833333333333332,23.016666666666666,10.583333333333334,26.2,7.2,1.6500000000000001,0.4833333333333333,6,2022,5,Spring
2022-05-30,20.75,27.016666666666666,14.433333333333334,31.9,9.2,0.8166666666666668,3.5666666666666664,6,2022,5,Spring
2022-05-31,22.75,29.083333333333332,16.383333333333333,32.8,8.9,0.16666666666666666,4.916666666666667,6,2022,5,Spring
2022-06-01,17.833333333333332,24.316666666666666,11.283333333333333,28.4,6.4,1.0999999999999999,0.9333333333333333,6,2022,6,Summer
2022-06-02,15.7,21.82,9.54,24.1,3.1,2.3000000000000003,0,5,2022,6,Summer
2022-06-03,15.45,22.5,8.35,26.4,4.9,2.6333333333333333,0.08333333333333334,6,2022,6,Summer
2022-06-04,12.925,20.475,5.325,21.1,0.8,5.074999999999999,0,4,2022,6,Summer
2022-06-05,14.933333333333334,22.216666666666665,7.583333333333333,25.2,1.2,3.316666666666667,0.25,6,2022,6,Summer
2022-06-06,16.84,22.78,10.86,27.6,6.5,1.68,0.52,5,2022,6,Summer
2022-06-07,15.5,19.866666666666667,11.1,23,5,2.5,0,6,2022,6,Summer
2022-06-08,15.966666666666667,22.283333333333335,9.616666666666667,24,6.2,2.216666666666667,0.18333333333333335,6,2022,6,Summer
2022-06-09,16.316666666666666,21.516666666666666,11.083333333333332,23.4,9.6,1.6833333333333333,0,6,2022,6,Summer
2022-06-10,16.5,23.016666666666666,9.933333333333334,25.3,7.2,1.5,0,6,2022,6,Summer
2022-06-11,17.2,23.46666666666667,10.9,25.2,6.1,1.35,0.5499999999999999,6,2022,6,Summer
2022-06-12,17,23.066666666666666,10.85,28,3.6,1.8,0.8,6,2022,6,Summer
2022-06-13,15.916666666666666,21.75,10.016666666666667,26.8,6.7,2.4833333333333334,0.4,6,2022,6,Summer
2022-06-14,19.133333333333333,25.016666666666666,13.233333333333333,28.4,9.5,0.85,1.9833333333333334,6,2022,6,Summer
2022-06-15,21.71666666666667,27.233333333333334,16.166666666666668,34.5,10.9,0.2333333333333333,3.9499999999999997,6,2022,6,Summer
2022-06-16,23.516666666666666,29.333333333333332,17.633333333333333,33.3,8,0.48333333333333334,6,6,2022,6,Summer
2022-06-17,17.86,24.96,10.68,28.4,6.4,1.3599999999999999,1.22,5,2022,6,Summer
2022-06-18,14.02,19.94,8.08,22,3.9,3.98,0,5,2022,6,Summer
2022-06-19,14.933333333333334,22.083333333333332,7.733333333333333,25.8,3.1,3.0666666666666664,0,6,2022,6,Summer
2022-06-20,18.5,24.96666666666667,11.966666666666667,34.1,7.5,1.0999999999999999,1.6,6,2022,6,Summer
2022-06-21,22.666666666666664,29.683333333333334,15.6,35.3,13,0.4666666666666666,5.133333333333333,6,2022,6,Summer
2022-06-22,22.75,29.833333333333332,15.583333333333334,35.5,11.5,0,4.75,6,2022,6,Summer
2022-06-23,19.45,26.53333333333333,12.283333333333333,31.5,9,0.06666666666666668,1.5166666666666666,6,2022,6,Summer
2022-06-24,19.9,27.733333333333334,12.033333333333333,30.2,8.9,0.11666666666666665,2.0166666666666666,6,2022,6,Summer
2022-06-25,21.816666666666666,28.65,14.95,31.5,11.6,0.4666666666666666,4.283333333333333,6,2022,6,Summer
2022-06-26,21.4,27.28333333333333,15.45,31.4,9.7,0.7333333333333334,4.133333333333333,6,2022,6,Summer
2022-06-27,16.616666666666667,21.916666666666668,11.266666666666667,24.5,8.1,1.7666666666666666,0.3833333333333333,6,2022,6,Summer
2022-06-28,16.62,23.78,9.42,26.3,6.3,1.58,0.19999999999999998,5,2022,6,Summer
2022-06-29,17.633333333333333,23.55,11.666666666666666,27.5,4,1.4166666666666665,1.05,6,2022,6,Summer
2022-06-30,20.28333333333333,28.066666666666666,12.433333333333334,32.2,10.1,0.3,2.5833333333333335,6,2022,6,Summer
2022-07-01,21.916666666666668,27.983333333333334,15.816666666666666,30.9,7.7,0.31666666666666665,4.233333333333333,6,2022,7,Summer
2022-07-02,19.21666666666667,26.383333333333333,12.016666666666667,29.3,8,0.7166666666666667,1.9333333333333333,6,2022,7,Summer
2022-07-03,18.65,26.03333333333333,11.2,28.7,7.1,0.7,1.35,6,2022,7,Summer
2022-07-04,19.133333333333333,25.85,12.333333333333332,32.1,8,1.15,2.2833333333333337,6,2022,7,Summer
2022-07-05,20.183333333333334,24.633333333333333,15.716666666666667,32,10.5,0.7666666666666666,2.95,6,2022,7,Summer
2022-07-06,18.233333333333334,23.516666666666666,12.9,25.5,6.9,0.95,1.1833333333333333,6,2022,7,Summer
2022-07-07,18.983333333333334,26.366666666666667,11.566666666666666,27.7,6.3,0.35,1.3333333333333333,6,2022,7,Summer
2022-07-08,19.71666666666667,25.883333333333333,13.483333333333334,28.5,8.7,0.45,2.1666666666666665,6,2022,7,Summer
2022-07-09,18.35,25.683333333333334,10.966666666666667,27.5,7.2,0.3333333333333333,0.6833333333333333,6,2022,7,Summer
2022-07-10,19.71666666666667,27.616666666666667,11.75,29.1,8.8,0,1.7166666666666666,6,2022,7,Summer
2022-07-11,21.96,29.44,14.440000000000001,31.6,10.3,0,3.96,5,2022,7,Summer
2022-07-12,20.483333333333334,25.6,15.3,29.5,8.8,0.75,3.2333333333333334,6,2022,7,Summer
2022-07-13,18.266666666666666,23.733333333333334,12.766666666666667,25.9,6.8,0.6333333333333334,0.9,6,2022,7,Summer
2022-07-14,18.733333333333334,25.6,11.8,26.8,7.1,0.4666666666666667,1.2,6,2022,7,Summer
2022-07-15,19.633333333333333,26.866666666666667,12.35,27.5,9.3,0,1.6333333333333333,6,2022,7,Summer
2022-07-16,21.5,28.316666666666666,14.633333333333333,29.4,11.2,0,3.5,6,2022,7,Summer
2022-07-17,21.85,28.016666666666666,15.666666666666666,31.2,10.9,0.06666666666666667,3.9166666666666665,6,2022,7,Summer
2022-07-18,23.133333333333333,28.816666666666666,17.4,32.3,13.1,0,5.133333333333334,6,2022,7,Summer
2022-07-19,23.84,30.2,17.44,34.7,14.9,0,5.84,5,2022,7,Summer
2022-07-20,24.4,29.28333333333333,19.483333333333334,31.7,12.6,0,6.4,6,2022,7,Summer
2022-07-21,23.833333333333332,29.316666666666666,18.28333333333333,32.6,14.5,0,5.833333333333333,6,2022,7,Summer
2022-07-22,23.083333333333332,30.21666666666667,15.883333333333333,32.7,11.7,0,5.083333333333333,6,2022,7,Summer
2022-07-23,23.799999999999997,29.683333333333334,17.866666666666667,33.2,13.7,0,5.800000000000001,6,2022,7,Summer
2022-07-24,23.22,27.5,18.9,31,13.4,0.2,5.42,5,2022,7,Summer
2022-07-25,18.900000000000002,23.733333333333334,14.033333333333333,26.4,10.7,0.35,1.25,6,2022,7,Summer
2022-07-26,18.71666666666667,25.383333333333333,12,26.3,9.3,0.18333333333333332,0.9,6,2022,7,Summer
2022-07-27,20.283333333333335,26.28333333333333,14.216666666666667,28.3,12.6,0,2.283333333333333,6,2022,7,Summer
2022-07-28,20.75,25.733333333333334,15.7,29.5,12.2,0.4666666666666667,3.216666666666667,6,2022,7,Summer
2022-07-29,19.4,25.116666666666667,13.65,28.9,11.6,0.4833333333333333,1.8833333333333333,6,2022,7,Summer
2022-07-30,19.833333333333332,26.05,13.566666666666666,29.3,10,0.2166666666666667,2.05,6,2022,7,Summer
2022-07-31,20.933333333333334,27.53333333333333,14.283333333333333,28.4,12.6,0,2.933333333333333,6,2022,7,Summer
2022-08-01,21.716666666666665,27.55,15.85,30.4,11.2,0.08333333333333333,3.8000000000000003,6,2022,8,Summer
2022-08-02,18.68,24.64,12.700000000000001,26.5,10.3,0.3,0.98,5,2022,8,Summer
2022-08-03,20.36,27.64,13.04,31,8.7,0,2.36,5,2022,8,Summer
2022-08-04,23.18,26.8,19.48,29.1,14.5,0,5.18,5,2022,8,Summer
2022-08-05,23.400000000000002,28.68,18.06,29.6,12,0,5.3999999999999995,5,2022,8,Summer
2022-08-06,24.28,30.16,18.34,32.2,15.6,0,6.28,5,2022,8,Summer
2022-08-07,23.683333333333334,28.46666666666667,18.866666666666667,33.9,12.9,0.43333333333333335,6.116666666666667,6,2022,8,Summer
2022-08-08,21.84,26.96,16.62,31.4,12,0.04,3.88,5,2022,8,Summer
2022-08-09,19.066666666666666,24.5,13.583333333333334,32.2,9.4,0.39999999999999997,1.4666666666666666,6,2022,8,Summer
2022-08-10,20.150000000000002,26.433333333333334,13.783333333333333,28.5,11.5,0,2.15,6,2022,8,Summer
2022-08-11,18.78333333333333,25.033333333333335,12.5,26.5,8.3,0.6,1.3833333333333333,6,2022,8,Summer
2022-08-12,17.4,24.616666666666667,10.133333333333333,26.4,6,1.3166666666666667,0.7166666666666667,6,2022,8,Summer
2022-08-13,17.53333333333333,24.15,10.883333333333333,25.9,8.7,0.75,0.2833333333333333,6,2022,8,Summer
2022-08-14,18.883333333333333,23.816666666666666,13.9,26.7,10,0.3,1.1833333333333333,6,2022,8,Summer
2022-08-15,20.133333333333333,26.483333333333334,13.75,28.1,10.8,0.2166666666666667,2.35,6,2022,8,Summer
2022-08-16,20.4,26.65,14.05,28.2,8.5,0.2166666666666667,2.6166666666666667,6,2022,8,Summer
2022-08-17,21.366666666666667,27.25,15.416666666666666,28,14,0,3.3666666666666667,6,2022,8,Summer
2022-08-18,21.016666666666666,27.75,14.233333333333334,29.3,12.9,0,3.0166666666666666,6,2022,8,Summer
2022-08-19,21.383333333333333,27.883333333333333,14.8,29.5,12.9,0,3.3833333333333333,6,2022,8,Summer
2022-08-20,21.883333333333333,28.216666666666665,15.483333333333334,30.3,11.2,0.08333333333333333,3.966666666666667,6,2022,8,Summer
2022-08-21,20.483333333333334,25.016666666666666,15.883333333333333,25.8,8.8,0.19999999999999998,2.683333333333333,6,2022,8,Summer
2022-08-22,21.316666666666666,26.4,16.2,28.3,11.7,0,3.3166666666666664,6,2022,8,Summer
2022-08-23,21.083333333333336,26.383333333333333,15.716666666666667,28.4,13.4,0,3.083333333333333,6,2022,8,Summer
2022-08-24,20.86,26.82,14.84,29.8,12.9,0.52,3.38,5,2022,8,Summer
2022-08-25,20.575,25.225,15.925,28.5,12.3,0,2.575,4,2022,8,Summer
2022-08-26,18.8,23.96,13.56,27.1,11.2,0.48,1.28,5,2022,8,Summer
2022-08-27,17.92,23.84,11.94,25.4,10.9,0.32,0.24,5,2022,8,Summer
2022-08-28,20.060000000000002,26.54,13.56,29.5,10.9,0,2.06,5,2022,8,Summer
2022-08-29,23.7,28.94,18.38,31.1,15.7,0,5.7,5,2022,8,Summer
2022-08-30,21.24,26.02,16.42,27.6,15.6,0,3.24,5,2022,8,Summer
2022-08-31,18.68,24.64,12.64,28.2,7.5,0.9000000000000001,1.58,5,2022,8,Summer
2022-09-01,16.933333333333334,23.266666666666666,10.533333333333333,28.4,5.4,1.7166666666666668,0.6499999999999999,6,2022,9,Fall
2022-09-02,20.42,27.8,13,29.7,8.6,0.18,2.6,5,2022,9,Fall
2022-09-03,19.916666666666668,26.233333333333334,13.55,29.9,5.6,1.2666666666666666,3.1833333333333336,6,2022,9,Fall
2022-09-04,15.8,19.766666666666666,11.8,22,2.4,2.5500000000000003,0.35,6,2022,9,Fall
2022-09-05,16.6,21.816666666666666,11.366666666666667,24.1,2.1,2.1166666666666667,0.7166666666666666,6,2022,9,Fall
2022-09-06,17.733333333333334,24.266666666666666,11.166666666666666,26,6,0.9833333333333333,0.7166666666666667,6,2022,9,Fall
2022-09-07,18.575,25.2,11.9,27,8.1,0.1,0.675,4,2022,9,Fall
2022-09-08,18.416666666666668,25.966666666666665,10.8,26.7,6,0.5,0.9166666666666666,6,2022,9,Fall
2022-09-09,19.2,25.933333333333334,12.433333333333334,28.1,9.5,0.18333333333333335,1.3833333333333333,6,2022,9,Fall
2022-09-10,20.616666666666667,27.183333333333334,13.966666666666667,29.5,7.8,0.6,3.216666666666667,6,2022,9,Fall
2022-09-11,19.883333333333333,24.383333333333333,15.35,26.7,5.3,0.75,2.6333333333333333,6,2022,9,Fall
2022-09-12,17.5,22.8,12.166666666666666,25.6,5.1,0.9833333333333334,0.4833333333333333,6,2022,9,Fall
2022-09-13,16.383333333333333,21.3,11.433333333333334,23.6,5.5,1.6666666666666667,0.05,6,2022,9,Fall
2022-09-14,14.5,21.433333333333334,7.533333333333333,27.7,1.7,3.916666666666667,0.41666666666666663,6,2022,9,Fall
2022-09-15,12.75,17.95,7.516666666666667,21.9,1.5,5.25,0,6,2022,9,Fall
2022-09-16,15.45,21.083333333333332,9.766666666666666,27.7,6.8,2.8833333333333333,0.33333333333333337,6,2022,9,Fall
2022-09-17,18.22,24.08,12.34,28.1,7.2,1.24,1.46,5,2022,9,Fall
2022-09-18,19.8,24.14,15.36,29.5,11.3,0.76,2.56,5,2022,9,Fall
2022-09-19,18.116666666666667,23.133333333333333,13.05,28.5,9.1,1.4333333333333331,1.55,6,2022,9,Fall
2022-09-20,18.2,23.2,13.175,26.3,11.6,1.125,1.325,4,2022,9,Fall
2022-09-21,18.65,24.516666666666666,12.733333333333334,30.2,7.3,1.5,2.15,6,2022,9,Fall
2022-09-22,12.675,17.4,7.9,18.2,6.5,5.325,0,4,2022,9,Fall
2022-09-23,9.683333333333334,16.3,3.033333333333333,18.1,-1.1,8.316666666666666,0,6,2022,9,Fall
2022-09-24,11.9,17.14,6.62,18.8,3.5,6.1,0,5,2022,9,Fall
2022-09-25,13.15,16.483333333333334,9.783333333333333,18.8,7,4.85,0,6,2022,9,Fall
2022-09-26,12.483333333333333,15.7,9.233333333333334,19.1,5.4,5.516666666666667,0,6,2022,9,Fall
2022-09-27,10.833333333333334,14.266666666666667,7.333333333333334,17.8,-1.8,7.166666666666667,0,6,2022,9,Fall
2022-09-28,9.45,13.433333333333334,5.45,14.4,-3.2,8.55,0,6,2022,9,Fall
2022-09-29,9.283333333333333,15.916666666666666,2.6166666666666663,18.1,-2.6,8.716666666666667,0,6,2022,9,Fall
2022-09-30,10.916666666666666,18.566666666666666,3.25,19.6,1.8,7.083333333333334,0,6,2022,9,Fall
2022-10-01,11.02,16.66,5.32,20.2,2.2,6.9799999999999995,0,5,2022,10,Fall
2022-10-02,8.58,14.78,2.34,16.2,-0.7,9.42,0,5,2022,10,Fall
2022-10-03,9.6,17.099999999999998,2.04,19.4,-0.1,8.4,0,5,2022,10,Fall
2022-10-04,11.65,19.25,4,21.7,-1.2,6.35,0,6,2022,10,Fall
2022-10-05,14.6,22.816666666666666,6.316666666666666,24.9,1.9,3.4,0,6,2022,10,Fall
2022-10-06,13.7,19.933333333333334,7.416666666666667,25.8,1.5,4.333333333333333,0.03333333333333334,6,2022,10,Fall
2022-10-07,7.35,12.875,1.8,14.6,-0.3,10.65,0,4,2022,10,Fall
2022-10-08,6.26,12.48,0,14.6,-2.1,11.74,0,5,2022,10,Fall
2022-10-09,8.52,14.799999999999999,2.2199999999999998,19.7,-4.4,9.48,0,5,2022,10,Fall
2022-10-10,8.033333333333333,14.316666666666666,1.7000000000000002,18.7,-4.3,9.966666666666667,0,6,2022,10,Fall
2022-10-11,12.7,21.68,3.68,24.5,-2.2,5.3,0,5,2022,10,Fall
2022-10-12,14.36,19.759999999999998,8.88,21.7,1.9,3.64,0,5,2022,10,Fall
2022-10-13,10.059999999999999,14.44,5.640000000000001,16.8,3.7,7.94,0,5,2022,10,Fall
2022-10-14,7.383333333333333,12.2,2.5500000000000003,16.8,-3.2,10.616666666666667,0,6,2022,10,Fall
2022-10-15,8.52,13.1,3.92,17.4,2.1,9.48,0,5,2022,10,Fall
2022-10-16,7.316666666666666,12.233333333333334,2.3666666666666667,16.6,-0.7,10.683333333333334,0,6,2022,10,Fall
2022-10-17,5.066666666666666,7.5,2.583333333333333,9.8,-1.6,12.933333333333334,0,6,2022,10,Fall
2022-10-18,4.88,7.92,1.74,10.5,0.1,13.120000000000001,0,5,2022,10,Fall
2022-10-19,3.62,7.54,-0.3600000000000001,9.9,-2.5,14.38,0,5,2022,10,Fall
2022-10-20,2.966666666666667,6.916666666666667,-1,12.3,-4.3,15.033333333333333,0,6,2022,10,Fall
2022-10-21,8.766666666666667,16.46666666666667,1,19.6,-1.7,9.233333333333333,0,6,2022,10,Fall
2022-10-22,13.816666666666666,19.166666666666668,8.416666666666666,22.8,5.6,4.183333333333334,0,6,2022,10,Fall
2022-10-23,13.85,20.983333333333334,6.666666666666667,24.7,2.1,4.15,0,6,2022,10,Fall
2022-10-24,14,21.46,6.48,24.7,5.2,4,0,5,2022,10,Fall
2022-10-25,13.583333333333334,18.9,8.216666666666667,24.3,1.9,4.433333333333334,0.01666666666666667,6,2022,10,Fall
2022-10-26,9.683333333333334,14.966666666666667,4.3500000000000005,24.3,-1.3,8.316666666666666,0,6,2022,10,Fall
2022-10-27,4.283333333333333,9.516666666666666,-1,10.7,-5.2,13.716666666666667,0,6,2022,10,Fall
2022-10-28,6.566666666666666,11.85,1.2166666666666666,15.4,-3,11.433333333333334,0,6,2022,10,Fall
2022-10-29,7.716666666666667,15.983333333333333,-0.6,18,-2.6,10.283333333333333,0,6,2022,10,Fall
2022-10-30,8.3,15.916666666666668,0.6166666666666665,17.8,-3.1,9.7,0,6,2022,10,Fall
2022-10-31,9.36,14.06,4.6,17.5,-4.2,8.64,0,5,2022,10,Fall
2022-11-01,11.52,17.88,5.12,20.2,0.4,6.48,0,5,2022,11,Fall
2022-11-02,9.55,16.4,2.6666666666666665,19.4,1.6,8.45,0,6,2022,11,Fall
2022-11-03,10.733333333333334,16.666666666666668,4.733333333333333,20.8,0.1,7.266666666666667,0,6,2022,11,Fall
2022-11-04,12.833333333333332,19.6,6.05,22.6,-3,5.166666666666667,0,6,2022,11,Fall
2022-11-05,14.399999999999999,18.9,9.883333333333333,25.1,-6.1,4,0.4,6,2022,11,Fall
2022-11-06,11.716666666666667,15.8,7.566666666666666,21.7,-0.8,6.283333333333333,0,6,2022,11,Fall
2022-11-07,6.483333333333333,11.55,1.35,14.6,-4.4,11.516666666666666,0,6,2022,11,Fall
2022-11-08,3.94,8.02,-0.16000000000000014,11.1,-3.3,14.06,0,5,2022,11,Fall
2022-11-09,6.38,13.4,-0.74,17.9,-5.5,11.62,0,5,2022,11,Fall
2022-11-10,14,19.48,8.46,21.3,7.8,4,0,5,2022,11,Fall
2022-11-11,8.833333333333332,12.416666666666668,5.216666666666667,17.3,-3.5,9.166666666666666,0,6,2022,11,Fall
2022-11-12,2.716666666666667,6.083333333333334,-0.6833333333333332,13.6,-5.3,15.283333333333333,0,6,2022,11,Fall
2022-11-13,1.7763568394002506e-16,2.1,-2.1599999999999997,4.3,-6.3,18,0,5,2022,11,Fall
2022-11-14,-0.38000000000000006,2.46,-3.2600000000000002,4.5,-5.9,18.38,0,5,2022,11,Fall
2022-11-15,-0.8599999999999999,1.0799999999999998,-2.78,4.1,-6.5,18.86,0,5,2022,11,Fall
2022-11-16,-2.0666666666666664,-0.20000000000000004,-3.8666666666666667,3.8,-11,20.066666666666666,0,6,2022,11,Fall
2022-11-17,-3.9,-0.8833333333333333,-6.883333333333333,2.3,-12.7,21.9,0,6,2022,11,Fall
2022-11-18,-4.95,-2.1333333333333333,-7.7,1.4,-13.6,22.95,0,6,2022,11,Fall
2022-11-19,-6.05,-2.9,-9.133333333333333,-0.2,-16.6,24.05,0,6,2022,11,Fall
2022-11-20,-7.56,-3.48,-11.6,-2.8,-19.1,25.56,0,5,2022,11,Fall
2022-11-21,-2.8666666666666667,3.65,-9.333333333333334,7.3,-13.5,20.866666666666667,0,6,2022,11,Fall
2022-11-22,-1.8599999999999999,3.88,-7.6,9.6,-12.4,19.86,0,5,2022,11,Fall
2022-11-23,-0.033333333333333215,5.766666666666667,-5.85,11.2,-11.5,18.03333333333333,0,6,2022,11,Fall
2022-11-24,2.05,7.55,-3.45,12.4,-8.1,15.95,0,6,2022,11,Fall
2022-11-25,2,6.416666666666667,-2.4499999999999997,10.6,-7.2,16,0,6,2022,11,Fall
2022-11-26,4.466666666666667,11.05,-2.1666666666666665,13.6,-6.6,13.533333333333333,0,6,2022,11,Fall
2022-11-27,2.45,5.216666666666667,-0.3333333333333335,9.2,-6.5,15.55,0,6,2022,11,Fall
2022-11-28,0.82,2.94,-1.3199999999999998,5.4,-6.5,17.18,0,5,2022,11,Fall
2022-11-29,1.9666666666666666,5.183333333333334,-1.2333333333333334,11.2,-5.5,16.03333333333333,0,6,2022,11,Fall
2022-11-30,3.925,9.9,-2.1,11.9,-3.3,14.075,0,4,2022,11,Fall
2022-12-01,-1.875,1.125,-4.8,3.1,-7.2,19.875,0,4,2022,12,Winter
2022-12-02,2.2,7.6499999999999995,-3.25,11.2,-5.4,15.8,0,4,2022,12,Winter
2022-12-03,0.24999999999999997,6.966666666666667,-6.45,11.2,-19.8,17.75,0,6,2022,12,Winter
2022-12-04,-4.316666666666666,0.06666666666666672,-8.633333333333333,2.3,-19,22.316666666666666,0,6,2022,12,Winter
2022-12-05,-0.4500000000000001,3.4,-4.35,5.9,-18.3,18.45,0,6,2022,12,Winter
2022-12-06,-0.44999999999999984,1.9333333333333333,-2.8333333333333335,7.4,-22.5,18.45,0,6,2022,12,Winter
2022-12-07,-0.5833333333333338,2.3500000000000005,-3.566666666666666,8,-27.2,18.583333333333332,0,6,2022,12,Winter
2022-12-08,-4.42,0.31999999999999995,-9.18,5.8,-27.4,22.42,0,5,2022,12,Winter
2022-12-09,-3.1999999999999997,-0.46,-5.8999999999999995,2.6,-12.7,21.2,0,5,2022,12,Winter
2022-12-10,-3.7833333333333337,-1.45,-6.1,2.7,-15,21.783333333333335,0,6,2022,12,Winter
2022-12-11,-4.083333333333333,-1.383333333333333,-6.783333333333333,4.9,-15.2,22.083333333333332,0,6,2022,12,Winter
2022-12-12,-5.633333333333333,-1.8333333333333335,-9.433333333333334,2.2,-17.7,23.633333333333333,0,6,2022,12,Winter
2022-12-13,-4.35,-0.8,-7.85,1.2,-15.7,22.35,0,6,2022,12,Winter
2022-12-14,-4.65,-1.05,-8.25,3.9,-12.5,22.65,0,4,2022,12,Winter
2022-12-15,0.3,2.9833333333333334,-2.4,8,-7.3,17.7,0,6,2022,12,Winter
2022-12-16,0.25,1.8333333333333335,-1.3666666666666667,4.2,-2.4,17.75,0,6,2022,12,Winter
2022-12-17,-2.1166666666666667,-0.11666666666666664,-4.066666666666666,1.1,-8.2,20.116666666666667,0,6,2022,12,Winter
2022-12-18,-4.3999999999999995,-2.3666666666666663,-6.416666666666667,0.2,-13,22.4,0,6,2022,12,Winter
2022-12-19,-4.140000000000001,-2.22,-6.0200000000000005,1.4,-10.3,22.14,0,5,2022,12,Winter
2022-12-20,-4.24,-1.24,-7.16,0.6,-13.9,22.240000000000002,0,5,2022,12,Winter
2022-12-21,-8.483333333333333,-5,-11.899999999999999,-0.2,-26.7,26.483333333333334,0,6,2022,12,Winter
2022-12-22,-4.18,-0.040000000000000216,-8.32,5.5,-19.7,22.18,0,5,2022,12,Winter
2022-12-23,-7.55,-0.7333333333333334,-14.3,3.8,-18.6,25.55,0,6,2022,12,Winter
2022-12-24,-12.316666666666666,-9.816666666666666,-14.75,-7.3,-17.1,30.316666666666666,0,6,2022,12,Winter
2022-12-25,-10.416666666666666,-8.633333333333333,-12.133333333333333,-4.7,-17.5,28.416666666666668,0,6,2022,12,Winter
2022-12-26,-9.783333333333333,-7.166666666666667,-12.35,-3.6,-19.5,27.78333333333333,0,6,2022,12,Winter
2022-12-27,-6.4833333333333325,-3.033333333333333,-9.883333333333333,-1.4,-12.7,24.483333333333334,0,6,2022,12,Winter
2022-12-28,-0.19999999999999998,2.5999999999999996,-3,4.6,-5.3,18.2,0,5,2022,12,Winter
2022-12-29,4.3,7.96,0.5800000000000001,9.5,-4.6,13.7,0,5,2022,12,Winter
2022-12-30,6.25,8.816666666666666,3.6000000000000005,13.1,-9.5,11.75,0,6,2022,12,Winter
2022-12-31,2.7166666666666663,5.516666666666667,-0.08333333333333319,9.7,-9.6,15.283333333333333,0,6,2022,12,Winter
2023-01-01,2,3.62,0.3800000000000001,6.7,-3.5,16,0,5,2023,1,Winter
2023-01-02,1.7333333333333332,4.033333333333333,-0.6166666666666666,9,-5.1,16.266666666666666,0,6,2023,1,Winter
2023-01-03,0.06666666666666657,2.2,-2.0500000000000003,5.3,-12.4,17.933333333333334,0,6,2023,1,Winter
2023-01-04,0.20000000000000018,3.35,-2.9499999999999997,14,-15.7,17.8,0,6,2023,1,Winter
2023-01-05,-2.6,-0.1333333333333336,-5.083333333333333,5,-22.5,20.6,0,6,2023,1,Winter
2023-01-06,-3.78,-0.3799999999999999,-7.2,4.2,-23.9,21.78,0,5,2023,1,Winter
2023-01-07,-4.58,-0.66,-8.44,2.1,-17.4,22.58,0,5,2023,1,Winter
2023-01-08,-6.283333333333333,-1.9666666666666668,-10.566666666666666,0.3,-19.3,24.283333333333335,0,6,2023,1,Winter
2023-01-09,-2.7666666666666666,0.08333333333333333,-5.583333333333333,3,-10.8,20.766666666666666,0,6,2023,1,Winter
2023-01-10,-4.1,-1.3166666666666667,-6.866666666666667,4.6,-15.4,22.1,0,6,2023,1,Winter
2023-01-11,-3.7333333333333334,-0.75,-6.7,6,-15.4,21.733333333333334,0,6,2023,1,Winter
2023-01-12,-0.7000000000000001,1.76,-3.16,6.1,-8.4,18.7,0,5,2023,1,Winter
2023-01-13,-5.8,-1.8599999999999999,-9.7,0.8,-18.3,23.8,0,5,2023,1,Winter
2023-01-14,-8.383333333333333,-3.75,-12.95,0.3,-22.6,26.383333333333333,0,6,2023,1,Winter
2023-01-15,-6.533333333333333,-1.65,-11.366666666666667,2.1,-17.7,24.53333333333333,0,6,2023,1,Winter
2023-01-16,-3.96,1.38,-9.26,3.8,-18.3,21.96,0,5,2023,1,Winter
2023-01-17,-0.3833333333333333,3.35,-4.116666666666667,10.2,-16.8,18.383333333333333,0,6,2023,1,Winter
2023-01-18,-0.4166666666666665,1.6666666666666667,-2.516666666666667,6.2,-7,18.416666666666668,0,6,2023,1,Winter
2023-01-19,-1.6500000000000004,0.7166666666666666,-4.016666666666667,8.2,-13.4,19.65,0,6,2023,1,Winter
2023-01-20,-3.8000000000000003,-0.6166666666666667,-6.983333333333333,3.9,-19.4,21.8,0,6,2023,1,Winter
2023-01-21,-4.383333333333334,-1.7333333333333334,-7.033333333333333,1.1,-19.6,22.383333333333333,0,6,2023,1,Winter
2023-01-22,-3.22,-0.62,-5.78,1.3,-13.7,21.22,0,5,2023,1,Winter
2023-01-23,-3.5166666666666666,-0.5333333333333334,-6.483333333333333,2,-16.7,21.516666666666666,0,6,2023,1,Winter
2023-01-24,-3.35,0.1833333333333334,-6.883333333333334,3.8,-10.8,21.35,0,6,2023,1,Winter
2023-01-25,-5.333333333333333,-3.35,-7.25,1.4,-13.4,23.333333333333332,0,6,2023,1,Winter
2023-01-26,-5.72,-2.94,-8.46,1.4,-21.7,23.72,0,5,2023,1,Winter
2023-01-27,-6.1,-0.9166666666666666,-11.233333333333334,2.3,-22.6,24.1,0,6,2023,1,Winter
2023-01-28,-2.92,0.78,-6.6000000000000005,2.2,-17.1,20.919999999999998,0,5,2023,1,Winter
2023-01-29,-9.066666666666666,-5.133333333333334,-12.95,1.2,-30.8,27.066666666666666,0,6,2023,1,Winter
2023-01-30,-9.66,-4.9,-14.36,-2.2,-21.7,27.66,0,5,2023,1,Winter
2023-01-31,-14.98,-8.540000000000001,-21.34,-5.9,-32.5,32.98,0,5,2023,1,Winter
2023-02-01,-10.92,-5.66,-16.12,-4.9,-22.6,28.919999999999998,0,5,2023,2,Winter
2023-02-02,-9.549999999999999,-2.533333333333333,-16.53333333333333,1.7,-26.4,27.55,0,6,2023,2,Winter
2023-02-03,-16.55,-11.95,-21.125,-9.5,-28.8,34.55,0,4,2023,2,Winter
2023-02-04,-13.42,-6.380000000000001,-20.4,0.6,-33.1,31.42,0,5,2023,2,Winter
2023-02-05,-4.7,-0.5800000000000001,-8.82,4.6,-21.6,22.7,0,5,2023,2,Winter
2023-02-06,-6.5,-1.666666666666667,-11.3,2.3,-23.2,24.5,0,6,2023,2,Winter
2023-02-07,-1.4166666666666667,4.8,-7.633333333333334,11.8,-14.8,19.416666666666668,0,6,2023,2,Winter
2023-02-08,0.016666666666666607,4.983333333333333,-4.983333333333333,7.3,-16.1,17.983333333333334,0,6,2023,2,Winter
2023-02-09,1.2833333333333337,5.7,-3.1333333333333333,14.2,-8.5,16.71666666666667,0,6,2023,2,Winter
2023-02-10,-1.14,2.58,-4.92,5.3,-13.8,19.14,0,5,2023,2,Winter
2023-02-11,-3.5166666666666666,1.9833333333333334,-8.950000000000001,5.9,-17.6,21.516666666666666,0,6,2023,2,Winter
2023-02-12,0.41666666666666674,5.783333333333333,-4.933333333333334,9.2,-7.7,17.583333333333332,0,6,2023,2,Winter
2023-02-13,0.9166666666666666,6.483333333333333,-4.666666666666666,11.5,-7.6,17.083333333333332,0,6,2023,2,Winter
2023-02-14,1.5,7.4799999999999995,-4.48,9.4,-8.8,16.5,0,5,2023,2,Winter
2023-02-15,3.06,9.459999999999999,-3.3400000000000007,15.6,-15.8,14.94,0,5,2023,2,Winter
2023-02-16,-3.466666666666667,0.3666666666666664,-7.266666666666667,5.6,-21.7,21.46666666666667,0,6,2023,2,Winter
2023-02-17,-7.5200000000000005,-1.38,-13.6,0.2,-25,25.52,0,5,2023,2,Winter
2023-02-18,-4.4,1.4833333333333332,-10.25,6.3,-17.1,22.4,0,6,2023,2,Winter
2023-02-19,0.9500000000000002,6.383333333333333,-4.533333333333333,11.3,-18.2,17.05,0,6,2023,2,Winter
2023-02-20,-3.8833333333333337,2.1333333333333333,-9.9,6.5,-24.3,21.883333333333333,0,6,2023,2,Winter
2023-02-21,-5.583333333333333,-0.9499999999999997,-10.2,6.8,-24.4,23.583333333333332,0,6,2023,2,Winter
2023-02-22,-8.933333333333334,-5.3500000000000005,-12.450000000000001,0.1,-29.5,26.933333333333334,0,6,2023,2,Winter
2023-02-23,-10.52,-7.4799999999999995,-13.54,2.2,-21,28.52,0,5,2023,2,Winter
2023-02-24,-11.6,-6.566666666666666,-16.55,0.2,-26.4,29.6,0,6,2023,2,Winter
2023-02-25,-8,-3.35,-12.6,3,-24.4,26,0,4,2023,2,Winter
2023-02-26,-5.483333333333333,0.09999999999999994,-11.05,9.1,-19.2,23.483333333333334,0,6,2023,2,Winter
2023-02-27,-6.1,-1.06,-11.1,1.4,-19.1,24.099999999999998,0,5,2023,2,Winter
2023-02-28,-1.2799999999999998,2.06,-4.62,7.6,-10.7,19.28,0,5,2023,2,Winter
2023-03-01,-2.12,1.98,-6.22,9.1,-15,20.12,0,5,2023,3,Spring
2023-03-02,-3.816666666666667,1.5166666666666666,-9.133333333333333,5.7,-22,21.816666666666666,0,6,2023,3,Spring
2023-03-03,-4.866666666666666,0.03333333333333337,-9.75,2.3,-20.9,22.866666666666667,0,6,2023,3,Spring
2023-03-04,0.2600000000000002,3.7399999999999998,-3.22,5.8,-7.3,17.740000000000002,0,5,2023,3,Spring
2023-03-05,0.43333333333333346,5.783333333333333,-4.916666666666666,9.9,-12.6,17.566666666666666,0,6,2023,3,Spring
2023-03-06,-0.8,3.5500000000000003,-5.066666666666666,6.7,-8.8,18.8,0,6,2023,3,Spring
2023-03-07,-2.0666666666666664,1.4666666666666666,-5.583333333333333,5.6,-10.3,20.066666666666666,0,6,2023,3,Spring
2023-03-08,-2.3833333333333333,1.3833333333333333,-6.116666666666666,6.2,-9.9,20.383333333333333,0,6,2023,3,Spring
2023-03-09,-2.2333333333333334,1.8166666666666667,-6.25,5.1,-9.7,20.233333333333334,0,6,2023,3,Spring
2023-03-10,-3.3,-0.9333333333333333,-5.616666666666666,1.2,-13.5,21.3,0,6,2023,3,Spring
2023-03-11,-5.016666666666667,-1.15,-8.833333333333334,3.5,-16.7,23.016666666666666,0,6,2023,3,Spring
2023-03-12,-5.15,-1.5999999999999999,-8.633333333333333,2.4,-13.9,23.15,0,6,2023,3,Spring
2023-03-13,-4.116666666666667,-0.9500000000000001,-7.2,1.2,-15.5,22.116666666666667,0,6,2023,3,Spring
2023-03-14,-4.65,-0.5166666666666666,-8.733333333333333,2.2,-18.4,22.65,0,6,2023,3,Spring
2023-03-15,-2.1799999999999997,3.82,-8.14,6.1,-15.7,20.18,0,5,2023,3,Spring
2023-03-16,1.75,5.7,-2.216666666666667,11.4,-7.5,16.25,0,6,2023,3,Spring
2023-03-17,0.35000000000000026,4.283333333333333,-3.6,9.7,-12.9,17.65,0,6,2023,3,Spring
2023-03-18,-5.1,-0.95,-9.216666666666667,3,-16.7,23.1,0,6,2023,3,Spring
2023-03-19,-4.533333333333333,1.25,-10.283333333333333,4.9,-19.1,22.53333333333333,0,6,2023,3,Spring
2023-03-20,-1.25,3.833333333333334,-6.4,8.8,-18.1,19.25,0,6,2023,3,Spring
2023-03-21,1.48,6.640000000000001,-3.6999999999999997,12,-20.9,16.52,0,5,2023,3,Spring
2023-03-22,2.2,5.08,-0.7000000000000004,8.9,-5.4,15.8,0,5,2023,3,Spring
2023-03-23,3.375,7.6,-0.925,10.2,-2.1,14.625,0,4,2023,3,Spring
2023-03-24,-0.6499999999999999,4.033333333333333,-5.366666666666667,6,-15.4,18.65,0,6,2023,3,Spring
2023-03-25,2.02,7.5200000000000005,-3.48,12.1,-12.3,15.98,0,5,2023,3,Spring
2023-03-26,3.05,7.766666666666667,-1.7,12.7,-7.8,14.95,0,6,2023,3,Spring
2023-03-27,0.44999999999999996,4.4,-3.516666666666666,6.9,-12.1,17.55,0,6,2023,3,Spring
2023-03-28,-0.11666666666666656,4.65,-4.85,9.5,-10.1,18.116666666666667,0,6,2023,3,Spring
2023-03-29,-1.6,4.733333333333333,-7.916666666666667,9.1,-13.3,19.6,0,6,2023,3,Spring
2023-03-30,-3.7,3,-10.383333333333333,6.7,-14.9,21.7,0,6,2023,3,Spring
2023-03-31,1.5166666666666664,5.65,-2.6166666666666667,13.6,-6.8,16.483333333333334,0,6,2023,3,Spring
2023-04-01,1.7333333333333332,8.616666666666667,-5.166666666666667,14.6,-12.2,16.266666666666666,0,6,2023,4,Spring
2023-04-02,-2.05,3.3166666666666664,-7.416666666666667,6.6,-15.6,20.05,0,6,2023,4,Spring
2023-04-03,4.183333333333334,9.95,-1.6166666666666667,16.5,-5.6,13.816666666666666,0,6,2023,4,Spring
2023-04-04,3.3833333333333333,6.583333333333333,0.16666666666666669,12.4,-9.5,14.616666666666667,0,6,2023,4,Spring
2023-04-05,5.533333333333333,10.616666666666667,0.43333333333333357,24.3,-5,12.466666666666667,0,6,2023,4,Spring
2023-04-06,3.6166666666666667,7.833333333333334,-0.6166666666666666,14.5,-8.4,14.383333333333333,0,6,2023,4,Spring
2023-04-07,-0.5666666666666667,4.333333333333334,-5.483333333333333,7.7,-14.8,18.566666666666666,0,6,2023,4,Spring
2023-04-08,-0.11666666666666678,6.433333333333334,-6.666666666666667,9.6,-13.2,18.116666666666667,0,6,2023,4,Spring
2023-04-09,3.7333333333333334,11.083333333333334,-3.6333333333333333,14,-7.4,14.266666666666666,0,6,2023,4,Spring
2023-04-10,8.6,17.65,-0.4666666666666666,20.3,-1.9,9.4,0,6,2023,4,Spring
2023-04-11,13.066666666666666,20.8,5.283333333333333,24.6,2.1,4.933333333333334,0,6,2023,4,Spring
2023-04-12,14.733333333333333,22,7.433333333333334,26.9,-1.8,3.85,0.5833333333333334,6,2023,4,Spring
2023-04-13,16.083333333333332,24.48333333333333,7.633333333333334,30.2,-0.4,3.0166666666666666,1.1,6,2023,4,Spring
2023-04-14,14.966666666666667,22.416666666666668,7.483333333333333,27.4,2.7,3.3666666666666667,0.33333333333333337,6,2023,4,Spring
2023-04-15,15.35,23.433333333333334,7.183333333333334,27.8,1.3,2.966666666666667,0.3166666666666667,6,2023,4,Spring
2023-04-16,13.416666666666668,21.433333333333334,5.383333333333333,26.7,-3.3,4.583333333333334,0,6,2023,4,Spring
2023-04-17,3.88,6.94,0.7999999999999999,15.1,-4.7,14.12,0,5,2023,4,Spring
2023-04-18,2.1833333333333336,5.633333333333334,-1.3166666666666669,9.3,-4.9,15.816666666666666,0,6,2023,4,Spring
2023-04-19,3.7399999999999998,8.18,-0.74,11.6,-5.5,14.26,0,5,2023,4,Spring
2023-04-20,7.12,12.36,1.82,19.2,-4.3,10.879999999999999,0,5,2023,4,Spring
2023-04-21,9.116666666666667,14.233333333333333,3.95,20.6,-0.2,8.883333333333333,0,6,2023,4,Spring
2023-04-22,6.95,11.100000000000001,2.75,26.6,-3.7,11.049999999999999,0,6,2023,4,Spring
2023-04-23,5.64,8.56,2.66,12.1,0.8,12.36,0,5,2023,4,Spring
2023-04-24,4,7.016666666666667,0.9333333333333332,9.4,-2.4,14,0,6,2023,4,Spring
2023-04-25,3.5,7.833333333333334,-0.8999999999999999,11.3,-4.1,14.5,0,6,2023,4,Spring
2023-04-26,3.716666666666667,8.75,-1.35,10.9,-6.1,14.283333333333333,0,6,2023,4,Spring
2023-04-27,6.033333333333333,12.1,-0.06666666666666662,14.4,-1.5,11.966666666666667,0,6,2023,4,Spring
2023-04-28,9.05,13.466666666666667,4.583333333333333,18.8,1.9,8.95,0,6,2023,4,Spring
2023-04-29,8.3,10.333333333333334,6.216666666666667,16.4,1.6,9.7,0,6,2023,4,Spring
2023-04-30,7.7,10.4,4.95,13,1.9,10.3,0,6,2023,4,Spring
2023-05-01,5.766666666666667,9.05,2.4,11.6,0.5,12.233333333333333,0,6,2023,5,Spring
2023-05-02,4.7,7.366666666666667,1.9666666666666668,11.8,0.8,13.3,0,6,2023,5,Spring
2023-05-03,7.06,10.6,3.48,11.4,1.2,10.94,0,5,2023,5,Spring
2023-05-04,8.166666666666666,11.966666666666667,4.316666666666666,15.6,0.9,9.833333333333332,0,6,2023,5,Spring
2023-05-05,10.58,16.48,4.640000000000001,19,2.1,7.42,0,5,2023,5,Spring
2023-05-06,12.375,19.925,4.8,21.9,3.7,5.625,0,4,2023,5,Spring
2023-05-07,13.94,19.38,8.44,24.7,5.5,4.0600000000000005,0,5,2023,5,Spring
2023-05-08,13.425,18.975,7.85,20.6,5.5,4.575,0,4,2023,5,Spring
2023-05-09,11.15,18.25,3.9833333333333334,20.1,-0.9,6.85,0,6,2023,5,Spring
2023-05-10,13.48,22.64,4.3,24.5,3.1,4.52,0,5,2023,5,Spring
2023-05-11,17.18,25.84,8.48,26.6,6.8,0.88,0.06,5,2023,5,Spring
2023-05-12,18.183333333333334,25.866666666666667,10.433333333333334,28.4,6.5,0.7666666666666666,0.95,6,2023,5,Spring
2023-05-13,15.78,21.92,9.58,24.8,6,2.38,0.16,5,2023,5,Spring
2023-05-14,11.916666666666666,18.066666666666666,5.716666666666667,18.5,2.3,6.083333333333333,0,6,2023,5,Spring
2023-05-15,13.72,22.92,4.5,24.8,2.7,4.28,0,5,2023,5,Spring
2023-05-16,12.66,21.62,3.66,25.6,-1.1,5.34,0,5,2023,5,Spring
2023-05-17,5.466666666666667,10.766666666666666,0.1166666666666667,12.6,-1.4,12.533333333333333,0,6,2023,5,Spring
2023-05-18,7.98,16,-0.09999999999999991,18.3,-3.1,10.02,0,5,2023,5,Spring
2023-05-19,12.816666666666666,20.85,4.733333333333333,25.5,1.1,5.183333333333334,0,6,2023,5,Spring
2023-05-20,12.483333333333334,16.166666666666668,8.716666666666667,24.4,2.3,5.516666666666667,0,6,2023,5,Spring
2023-05-21,13.366666666666667,20.066666666666666,6.616666666666666,24.1,2,4.633333333333334,0,6,2023,5,Spring
2023-05-22,12.15,18.633333333333333,5.6,24,1,5.85,0,6,2023,5,Spring
2023-05-23,14.933333333333334,23.183333333333334,6.65,26.4,2.6,3.066666666666667,0,6,2023,5,Spring
2023-05-24,9.75,15.816666666666666,3.6333333333333333,20.5,-2.2,8.25,0,6,2023,5,Spring
2023-05-25,10.925,17.4,4.375,19.1,3.1,7.075,0,4,2023,5,Spring
2023-05-26,13.5,22.78,4.18,26.5,1.3,4.5,0,5,2023,5,Spring
2023-05-27,16.033333333333335,25.733333333333334,6.266666666666667,28.1,4.5,1.9666666666666668,0,6,2023,5,Spring
2023-05-28,18.15,27.633333333333333,8.65,30.4,4.4,0.6,0.75,6,2023,5,Spring
2023-05-29,18.633333333333333,26.866666666666667,10.35,30.2,4.2,0.7333333333333333,1.3666666666666667,6,2023,5,Spring
2023-05-30,19.54,28.16,10.88,30.9,5,0.52,2.06,5,2023,5,Spring
2023-05-31,21.45,29.416666666666668,13.416666666666668,32.5,10.5,0.3,3.75,6,2023,5,Spring
2023-06-01,22.483333333333334,30.766666666666666,14.116666666666667,35.1,11.4,0.06666666666666667,4.55,6,2023,6,Summer
2023-06-02,22.933333333333334,30.583333333333332,15.25,32.3,10.8,0,4.933333333333334,6,2023,6,Summer
2023-06-03,19.416666666666668,25.65,13.133333333333333,31.7,9.7,0.3833333333333333,1.8,6,2023,6,Summer
2023-06-04,16.759999999999998,23.54,9.96,25.3,6.2,1.4,0.16,5,2023,6,Summer
2023-06-05,17.6,23.98,11.18,26.5,7.9,0.8800000000000001,0.48,5,2023,6,Summer
2023-06-06,16.416666666666668,22.15,10.633333333333333,24.2,6.4,1.75,0.16666666666666669,6,2023,6,Summer
2023-06-07,14.666666666666666,20.7,8.583333333333334,22.6,2.9,3.333333333333333,0,6,2023,6,Summer
2023-06-08,15.016666666666666,20.483333333333334,9.533333333333333,23.3,3.5,2.9833333333333334,0,6,2023,6,Summer
2023-06-09,16.633333333333333,23.78333333333333,9.4,28.3,6.6,1.4333333333333333,0.06666666666666668,6,2023,6,Summer
2023-06-10,16.95,24.7,9.133333333333333,28.6,4.3,1.7333333333333332,0.6833333333333333,6,2023,6,Summer
2023-06-11,14.916666666666668,19.883333333333333,9.883333333333333,23.2,1.1,3.3833333333333333,0.3,6,2023,6,Summer
2023-06-12,15.066666666666666,19.733333333333334,10.35,27.5,5,3.55,0.6166666666666667,6,2023,6,Summer
2023-06-13,14.966666666666667,20.45,9.433333333333334,26.4,8.6,3.1,0.06666666666666667,6,2023,6,Summer
2023-06-14,14.366666666666667,19.766666666666666,8.9,22.6,5.5,3.6333333333333333,0,6,2023,6,Summer
2023-06-15,16.016666666666666,21.166666666666664,10.833333333333334,26.7,7.9,2.4166666666666665,0.4333333333333334,6,2023,6,Summer
2023-06-16,17.083333333333336,22.5,11.6,25.6,5.1,1.3833333333333333,0.4666666666666667,6,2023,6,Summer
2023-06-17,17.383333333333333,24.416666666666668,10.299999999999999,26.7,7.7,0.75,0.13333333333333333,6,2023,6,Summer
2023-06-18,18.26,25.36,11.1,27.5,8,0.26,0.52,5,2023,6,Summer
2023-06-19,18.7,25.38,11.98,28.4,9.5,0.27999999999999997,0.9800000000000001,5,2023,6,Summer
2023-06-20,21.16,27.1,15.2,29.2,11.1,0.04,3.2,5,2023,6,Summer
2023-06-21,21.3,28.166666666666668,14.350000000000001,29.6,8.3,0.09999999999999999,3.4,6,2023,6,Summer
2023-06-22,19.96,25.82,14.06,29.4,10,0.1,2.06,5,2023,6,Summer
2023-06-23,20.78333333333333,25.55,15.95,30.4,12.6,0,2.783333333333333,6,2023,6,Summer
2023-06-24,22.580000000000002,27.58,17.56,29.7,14.1,0,4.58,5,2023,6,Summer
2023-06-25,21.133333333333333,26,16.216666666666665,29.3,13.6,0.3833333333333333,3.5166666666666666,6,2023,6,Summer
2023-06-26,21.04,24.24,17.78,28.5,16.8,0,3.04,5,2023,6,Summer
2023-06-27,18.383333333333333,22.55,14.200000000000001,26.6,9.3,0.8666666666666667,1.25,6,2023,6,Summer
2023-06-28,17.266666666666666,22.28333333333333,12.183333333333334,24,6.9,1.1500000000000001,0.41666666666666663,6,2023,6,Summer
2023-06-29,18.6,25,12.133333333333333,27.4,8.1,0.7333333333333333,1.3333333333333333,6,2023,6,Summer
2023-06-30,20.9,26.38,15.36,29.4,12,0,2.9,5,2023,6,Summer
2023-07-01,22.483333333333334,27.71666666666667,17.216666666666665,28.8,12.5,0,4.483333333333333,6,2023,7,Summer
2023-07-02,21.833333333333332,26.016666666666666,17.566666666666666,29.1,11.6,0,3.8333333333333335,6,2023,7,Summer
2023-07-03,22.583333333333332,27.75,17.35,30.4,11.7,0,4.583333333333333,6,2023,7,Summer
2023-07-04,24,30.66,17.32,31.2,15.4,0,6,5,2023,7,Summer
2023-07-05,24.96,31.44,18.46,33.1,17.1,0,6.96,5,2023,7,Summer
2023-07-06,23.64,28.42,18.8,33.7,15.2,0.08,5.72,5,2023,7,Summer
2023-07-07,20.233333333333334,25.6,14.833333333333332,29,7.6,0.2833333333333334,2.5166666666666666,6,2023,7,Summer
2023-07-08,19.366666666666667,24.316666666666666,14.383333333333333,27.8,9.9,0.5666666666666667,1.9333333333333333,6,2023,7,Summer
2023-07-09,19.55,25.1,13.95,27,8.5,0.35000000000000003,1.9000000000000001,6,2023,7,Summer
2023-07-10,20.2,27.05,13.266666666666667,28.9,9.4,0.2833333333333333,2.4833333333333334,6,2023,7,Summer
2023-07-11,21.05,27.616666666666667,14.416666666666666,31.6,8.1,0.5833333333333334,3.6333333333333333,6,2023,7,Summer
2023-07-12,17.86,24.560000000000002,11.08,26.1,5.9,1,0.8600000000000001,5,2023,7,Summer
2023-07-13,19.083333333333332,24.21666666666667,13.883333333333333,25.7,6.4,0.4333333333333334,1.5166666666666666,6,2023,7,Summer
2023-07-14,19.8,25.6,13.94,27.5,12.9,0,1.8,5,2023,7,Summer
2023-07-15,19.85,24.166666666666664,15.516666666666667,26.9,9.7,0.2333333333333333,2.0833333333333335,6,2023,7,Summer
2023-07-16,20.849999999999998,25.366666666666667,16.283333333333335,27.8,9.6,0.5666666666666667,3.4166666666666665,6,2023,7,Summer
2023-07-17,19.933333333333334,25.05,14.783333333333333,28,10.9,0.5666666666666667,2.5,6,2023,7,Summer
2023-07-18,18.916666666666668,24.266666666666666,13.55,27.8,9.7,0.8,1.7166666666666668,6,2023,7,Summer
2023-07-19,18.183333333333334,24.21666666666667,12.066666666666666,26.9,7.1,1.1833333333333333,1.3666666666666667,6,2023,7,Summer
2023-07-20,20.98,26.12,15.8,29.4,13.8,0.33999999999999997,3.3200000000000003,5,2023,7,Summer
2023-07-21,20.56,25.16,15.940000000000001,26.7,13.8,0,2.56,5,2023,7,Summer
2023-07-22,19.883333333333333,26.366666666666667,13.366666666666667,28.1,10.6,0.03333333333333333,1.9166666666666665,6,2023,7,Summer
2023-07-23,20.366666666666667,26.95,13.716666666666667,28.6,11.8,0,2.3666666666666667,6,2023,7,Summer
2023-07-24,21.45,27.066666666666666,15.766666666666666,29.1,11.5,0,3.45,6,2023,7,Summer
2023-07-25,21.366666666666667,27.633333333333333,15.016666666666667,29.5,8.6,0,3.3666666666666667,6,2023,7,Summer
2023-07-26,22.9,28.68,17.08,30.8,13.9,0,4.9,5,2023,7,Summer
2023-07-27,23.516666666666666,28.816666666666666,18.133333333333333,31.5,15.4,0,5.516666666666667,6,2023,7,Summer
2023-07-28,23.560000000000002,29.52,17.54,31.2,14.6,0,5.56,5,2023,7,Summer
2023-07-29,18.46666666666667,23.6,13.283333333333333,27.2,10.8,0.85,1.3166666666666667,6,2023,7,Summer
2023-07-30,17.883333333333333,24.566666666666666,11.116666666666667,26.1,8.5,0.5499999999999999,0.4333333333333334,6,2023,7,Summer
2023-07-31,17.533333333333335,23,12.016666666666666,25.9,9.9,1,0.5333333333333333,6,2023,7,Summer
2023-08-01,17.233333333333334,23.3,11.133333333333333,24.5,8.2,1.1666666666666667,0.4,6,2023,8,Summer
2023-08-02,19.05,25.675,12.375,26.9,8.5,0.125,1.175,4,2023,8,Summer
2023-08-03,21.866666666666667,27.116666666666667,16.583333333333332,29.2,14.4,0,3.8666666666666667,6,2023,8,Summer
2023-08-04,20.233333333333334,25.616666666666667,14.833333333333334,27.3,10.4,0.24999999999999997,2.4833333333333334,6,2023,8,Summer
2023-08-05,19.033333333333335,24.9,13.116666666666667,26.1,8.6,0.3333333333333333,1.3666666666666667,6,2023,8,Summer
2023-08-06,19.433333333333334,24.933333333333334,13.866666666666667,26.7,11.4,0.15,1.5833333333333335,6,2023,8,Summer
2023-08-07,19.033333333333335,22.95,15.116666666666667,28.8,10.4,0.3333333333333333,1.3666666666666667,6,2023,8,Summer
2023-08-08,19.775,25.1,14.4,28,10.8,0,1.775,4,2023,8,Summer
2023-08-09,21,27.2,14.74,28.8,11.7,0.02,3.02,5,2023,8,Summer
2023-08-10,20.3,25.24,15.34,27.5,11.2,0.12,2.4200000000000004,5,2023,8,Summer
2023-08-11,17.516666666666666,22.433333333333334,12.55,25.7,9.7,1.1333333333333333,0.6499999999999999,6,2023,8,Summer
2023-08-12,20.4,25.46,15.299999999999999,29.5,8.7,0.6799999999999999,3.08,5,2023,8,Summer
2023-08-13,18.8,24.21666666666667,13.366666666666667,27.6,6.3,0.7000000000000001,1.5,6,2023,8,Summer
2023-08-14,18.38,23.74,12.94,24.8,6.6,0.6,0.98,5,2023,8,Summer
2023-08-15,19,23.816666666666666,14.15,28.6,7.7,0,1,6,2023,8,Summer
2023-08-16,20.5,26.06,14.88,27.6,11.6,0,2.5,5,2023,8,Summer
2023-08-17,19.366666666666667,24.4,14.266666666666666,27.4,8.6,0.5833333333333333,1.95,6,2023,8,Summer
2023-08-18,16.083333333333332,21.166666666666664,10.95,24.9,6.7,1.9500000000000002,0.03333333333333334,6,2023,8,Summer
2023-08-19,17.816666666666666,24.6,10.966666666666667,26.8,6.6,0.7333333333333334,0.55,6,2023,8,Summer
2023-08-20,21.3,28.080000000000002,14.5,29.3,12.6,0,3.3,5,2023,8,Summer
2023-08-21,18.71666666666667,23.616666666666667,13.75,26,10.5,0.5,1.2166666666666666,6,2023,8,Summer
2023-08-22,17.8,22.96666666666667,12.583333333333334,25.2,10.3,0.5166666666666667,0.31666666666666665,6,2023,8,Summer
2023-08-23,17.32,20.64,13.94,26.3,11.2,0.88,0.2,5,2023,8,Summer
2023-08-24,19.5,23.5,15.459999999999999,25.7,13,0.16,1.66,5,2023,8,Summer
2023-08-25,19.44,23.28,15.52,24.3,12.9,0,1.44,5,2023,8,Summer
2023-08-26,17,21.36,12.325,23.8,9.2,1.2000000000000002,0.2,4,2023,8,Summer
2023-08-27,15.42,22.12,8.68,24.1,4.1,2.58,0,5,2023,8,Summer
2023-08-28,16.240000000000002,23.26,9.16,24.8,7.4,1.76,0,5,2023,8,Summer
2023-08-29,16.54,23.36,9.64,26.5,5.4,1.5199999999999998,0.060000000000000005,5,2023,8,Summer
2023-08-30,14.44,19.82,9.04,23.8,3.2,3.56,0,5,2023,8,Summer
2023-08-31,14.95,21.950000000000003,7.9,22.3,6.2,3.05,0,4,2023,8,Summer
2023-09-01,17.240000000000002,24.28,10.16,26.3,8.1,0.88,0.12,5,2023,9,Fall
2023-09-02,19.96666666666667,26.883333333333333,13.016666666666667,32.9,9.7,0.2166666666666667,2.183333333333333,6,2023,9,Fall
2023-09-03,22.900000000000002,29.16,16.6,31.8,14.5,0,4.8999999999999995,5,2023,9,Fall
2023-09-04,24.066666666666666,30.233333333333334,17.866666666666667,34,13.9,0,6.066666666666666,6,2023,9,Fall
2023-09-05,25.099999999999998,31.5,18.6,33.1,16.2,0,7.1000000000000005,5,2023,9,Fall
2023-09-06,22.766666666666666,28.166666666666668,17.283333333333335,32.6,9.5,0.5833333333333334,5.35,6,2023,9,Fall
2023-09-07,18.55,23.416666666666668,13.666666666666666,30.1,5.5,2.3,2.85,6,2023,9,Fall
2023-09-08,15.466666666666667,19.35,11.516666666666666,20.5,3.4,2.533333333333333,0,6,2023,9,Fall
2023-09-09,15.583333333333334,20.083333333333336,11.016666666666666,22.7,6,2.4166666666666665,0,6,2023,9,Fall
2023-09-10,17.2,21.6,12.716666666666667,22.9,8,1.1833333333333333,0.38333333333333336,6,2023,9,Fall
2023-09-11,16.68,20.98,12.36,24.6,6.9,1.92,0.6,5,2023,9,Fall
2023-09-12,14.6,19.333333333333332,10.54,23.1,3.3,3.5,0.1,5,2023,9,Fall
2023-09-13,13.72,19.22,8.2,22,3.1,4.28,0,5,2023,9,Fall
2023-09-14,12.8,19.05,6.483333333333333,20.7,0.3,5.2,0,6,2023,9,Fall
2023-09-15,14.35,20.916666666666668,7.733333333333333,21.9,5.2,3.65,0,6,2023,9,Fall
2023-09-16,14.9,22.033333333333335,7.75,24.1,6,3.1,0,6,2023,9,Fall
2023-09-17,15.95,21.3,10.566666666666666,24.4,5,2.1833333333333336,0.13333333333333336,6,2023,9,Fall
2023-09-18,13.766666666666666,19.65,7.800000000000001,21.9,1.6,4.233333333333333,0,6,2023,9,Fall
2023-09-19,12.18,18.52,5.8,20.9,1.2,5.82,0,5,2023,9,Fall
2023-09-20,14.549999999999999,21.2,7.833333333333333,24.6,2.8,3.683333333333333,0.2333333333333333,6,2023,9,Fall
2023-09-21,17.4,24.2,10.583333333333334,27.4,5.3,1.2833333333333334,0.6833333333333333,6,2023,9,Fall
2023-09-22,16.98,22.94,10.96,26,5.7,1.22,0.2,5,2023,9,Fall
2023-09-23,16.38,22.38,10.32,23.6,8.9,1.62,0,5,2023,9,Fall
2023-09-24,17.433333333333334,22.833333333333336,12,24.8,9.8,0.6333333333333333,0.06666666666666668,6,2023,9,Fall
2023-09-25,17.38,21.599999999999998,13.16,24.4,10.4,1.08,0.45999999999999996,5,2023,9,Fall
2023-09-26,16.04,19.88,12.14,21.1,7.1,2.14,0.18000000000000002,5,2023,9,Fall
2023-09-27,14.8,19.475,10.1,20.3,5.2,3.1999999999999997,0,4,2023,9,Fall
2023-09-28,14.583333333333334,19.366666666666667,9.733333333333334,22,5.8,3.4166666666666665,0,6,2023,9,Fall
2023-09-29,15.933333333333334,21.03333333333333,10.783333333333333,22.1,7,2.066666666666667,0,6,2023,9,Fall
2023-09-30,17.15,23.066666666666666,11.166666666666666,24,8.7,0.85,0,6,2023,9,Fall
2023-10-01,18.083333333333332,23.516666666666666,12.6,26.9,10.6,0.5,0.5833333333333334,6,2023,10,Fall
2023-10-02,20.1,26.983333333333334,13.166666666666668,29.8,9.2,0.15,2.25,6,2023,10,Fall
2023-10-03,21.56,29.24,13.86,30.9,12,0,3.56,5,2023,10,Fall
2023-10-04,20.64,27.22,14,30.1,11.8,0.04,2.6799999999999997,5,2023,10,Fall
2023-10-05,18.333333333333332,22.416666666666664,14.2,27.1,4.9,1.2833333333333332,1.6166666666666667,6,2023,10,Fall
2023-10-06,14.5,18.900000000000002,10.06,23.1,4.3,3.62,0.12,5,2023,10,Fall
2023-10-07,9.483333333333334,13.7,5.2,16.8,-1.4,8.516666666666666,0,6,2023,10,Fall
2023-10-08,6.783333333333333,10.316666666666666,3.216666666666667,13.8,-2.3,11.216666666666667,0,6,2023,10,Fall
2023-10-09,6.416666666666666,9.45,3.35,13.4,0.2,11.583333333333332,0,6,2023,10,Fall
2023-10-10,8.333333333333334,11.5,5.15,13.6,2,9.666666666666666,0,6,2023,10,Fall
2023-10-11,8.616666666666667,13.066666666666666,4.116666666666666,16.3,-0.7,9.383333333333333,0,6,2023,10,Fall
2023-10-12,8.75,14.133333333333333,3.333333333333333,16.7,0.1,9.25,0,6,2023,10,Fall
2023-10-13,8.879999999999999,13.56,4.14,15.3,-1.5,9.12,0,5,2023,10,Fall
2023-10-14,9.3,12.28,6.28,14.3,1.7,8.7,0,5,2023,10,Fall
2023-10-15,8.26,11.18,5.32,12.4,1.4,9.74,0,5,2023,10,Fall
2023-10-16,8.95,13.225,4.625,14.8,-2.1,9.05,0,4,2023,10,Fall
2023-10-17,8.16,13.18,3.12,15.9,-3.6,9.84,0,5,2023,10,Fall
2023-10-18,9.016666666666666,14.066666666666666,3.9,16.8,-1.7,8.983333333333334,0,6,2023,10,Fall
2023-10-19,10.85,14.65,6.983333333333333,17,1.1,7.15,0,6,2023,10,Fall
2023-10-20,10.666666666666666,14.516666666666666,6.733333333333333,19.3,-2.3,7.333333333333333,0,6,2023,10,Fall
2023-10-21,6.95,10.166666666666666,3.65,13.1,-4.3,11.05,0,6,2023,10,Fall
2023-10-22,4.533333333333333,9.366666666666667,-0.35000000000000003,12.4,-5.2,13.466666666666667,0,6,2023,10,Fall
2023-10-23,5.7,11.816666666666666,-0.45,14.2,-4.5,12.3,0,6,2023,10,Fall
2023-10-24,11.566666666666666,16.96666666666667,6.116666666666667,24.5,3.9,6.433333333333334,0,6,2023,10,Fall
2023-10-25,13.683333333333334,16.9,10.45,20.8,1.5,4.35,0.03333333333333334,6,2023,10,Fall
2023-10-26,13.85,16.21666666666667,11.433333333333334,22.5,1.7,4.3,0.15,6,2023,10,Fall
2023-10-27,15.4,19.066666666666666,11.666666666666668,24.6,-3,3.6999999999999997,1.1,6,2023,10,Fall
2023-10-28,8.65,14.283333333333333,2.933333333333333,19.6,-3,9.35,0,6,2023,10,Fall
2023-10-29,3.533333333333333,5.9,1.1166666666666667,9.2,-8.1,14.466666666666667,0,6,2023,10,Fall
2023-10-30,0.7166666666666668,4.55,-3.1166666666666667,7.8,-7.8,17.283333333333335,0,6,2023,10,Fall
2023-10-31,-0.48333333333333345,3.6999999999999997,-4.683333333333334,6.6,-8.9,18.483333333333334,0,6,2023,10,Fall
2023-11-01,-0.75,3.4,-4.883333333333333,6.1,-9.9,18.75,0,6,2023,11,Fall
2023-11-02,3.0500000000000003,7.383333333333334,-1.3166666666666667,10.9,-3.7,14.950000000000001,0,6,2023,11,Fall
2023-11-03,6.683333333333334,11.5,1.8499999999999999,15.6,-8.1,11.316666666666666,0,6,2023,11,Fall
2023-11-04,4.083333333333333,8.616666666666667,-0.4666666666666665,12.5,-10.7,13.916666666666666,0,6,2023,11,Fall
2023-11-05,3,7.4,-1.4,11.5,-8.7,15,0,6,2023,11,Fall
2023-11-06,6.566666666666666,11.616666666666667,1.4666666666666666,17.5,-4.9,11.433333333333334,0,6,2023,11,Fall
2023-11-07,3.8833333333333333,9.716666666666667,-1.9833333333333332,14.7,-6.7,14.116666666666667,0,6,2023,11,Fall
2023-11-08,0.9666666666666666,4.1000000000000005,-2.15,11.8,-6.2,17.03333333333333,0,6,2023,11,Fall
2023-11-09,4.433333333333334,7.633333333333333,1.15,13.1,-3,13.566666666666666,0,6,2023,11,Fall
2023-11-10,4.32,8.52,0.060000000000000095,12.4,-2.3,13.68,0,5,2023,11,Fall
2023-11-11,0.7333333333333333,3.8666666666666667,-2.4,9.3,-5.8,17.266666666666666,0,6,2023,11,Fall
2023-11-12,1.2833333333333334,5.7,-3.1666666666666665,10.2,-7,16.71666666666667,0,6,2023,11,Fall
2023-11-13,4.166666666666666,9.4,-1.0999999999999999,15.7,-8.2,13.833333333333332,0,6,2023,11,Fall
2023-11-14,4.05,8.633333333333333,-0.5666666666666667,13.4,-4.3,13.95,0,6,2023,11,Fall
2023-11-15,6.083333333333333,12.883333333333333,-0.7833333333333333,15.1,-4.1,11.916666666666666,0,6,2023,11,Fall
2023-11-16,6.4,13.683333333333334,-0.9500000000000001,16.5,-2.6,11.6,0,6,2023,11,Fall
2023-11-17,5.466666666666667,12.366666666666667,-1.4666666666666666,15,-5,12.533333333333333,0,6,2023,11,Fall
2023-11-18,1.7166666666666666,7.016666666666667,-3.6333333333333333,9.5,-6.2,16.283333333333335,0,6,2023,11,Fall
2023-11-19,0.033333333333333215,5.466666666666667,-5.4,10.2,-10.6,17.96666666666667,0,6,2023,11,Fall
2023-11-20,-2.433333333333333,2.1666666666666665,-6.983333333333333,6,-12.9,20.433333333333334,0,6,2023,11,Fall
2023-11-21,0.8333333333333337,4.466666666666667,-2.8166666666666664,9.7,-9.6,17.166666666666668,0,6,2023,11,Fall
2023-11-22,1.7166666666666666,4.1,-0.6499999999999999,8.2,-5.5,16.28333333333333,0,6,2023,11,Fall
2023-11-23,-0.5333333333333334,3.8833333333333333,-4.966666666666667,8.9,-13.4,18.53333333333333,0,6,2023,11,Fall
2023-11-24,-4.75,-1.0166666666666666,-8.433333333333334,1.5,-16.8,22.75,0,6,2023,11,Fall
2023-11-25,-2.25,2.8666666666666667,-7.333333333333333,3.9,-10.9,20.25,0,6,2023,11,Fall
2023-11-26,-0.5833333333333334,3.4,-4.533333333333333,6.4,-10.4,18.583333333333332,0,6,2023,11,Fall
2023-11-27,-3.0799999999999996,0.20000000000000026,-6.34,5.2,-14.2,21.08,0,5,2023,11,Fall
2023-11-28,-6.683333333333334,-3.0166666666666666,-10.266666666666666,-0.9,-17.4,24.683333333333334,0,6,2023,11,Fall
2023-11-29,-3.4000000000000004,0.7666666666666666,-7.516666666666667,2.9,-11.1,21.4,0,6,2023,11,Fall
2023-11-30,1.4333333333333333,6.45,-3.6166666666666667,10.4,-8.5,16.566666666666666,0,6,2023,11,Fall
2023-12-01,1.2833333333333337,5.233333333333333,-2.7,9.1,-16.1,16.71666666666667,0,6,2023,12,Winter
2023-12-02,0.11666666666666677,2.25,-2.05,5.7,-10.5,17.883333333333333,0,6,2023,12,Winter
2023-12-03,-0.21666666666666679,1.5833333333333335,-2.0166666666666666,6,-8.9,18.21666666666667,0,6,2023,12,Winter
2023-12-04,-0.7000000000000001,1.2833333333333337,-2.666666666666667,4.4,-7.5,18.7,0,6,2023,12,Winter
2023-12-05,-2.18,0.0799999999999999,-4.4399999999999995,2.9,-7.7,20.18,0,5,2023,12,Winter
2023-12-06,-3.7,-0.4,-6.966666666666667,4.4,-15.6,21.7,0,6,2023,12,Winter
2023-12-07,-1.4833333333333332,1.9,-4.85,7.7,-14.7,19.483333333333334,0,6,2023,12,Winter
2023-12-08,2.94,6.36,-0.5200000000000001,11.3,-8.1,15.06,0,5,2023,12,Winter
2023-12-09,5.699999999999999,9,2.3199999999999994,15.7,-4,12.3,0,5,2023,12,Winter
2023-12-10,1.5833333333333337,4.666666666666666,-1.4833333333333332,9.9,-5.5,16.416666666666668,0,6,2023,12,Winter
2023-12-11,-2.2666666666666666,-0.23333333333333334,-4.25,2.7,-8.3,20.266666666666666,0,6,2023,12,Winter
2023-12-12,-1.3333333333333333,2.6333333333333333,-5.283333333333333,6.4,-10.8,19.333333333333332,0,6,2023,12,Winter
2023-12-13,-4.316666666666666,0.03333333333333337,-8.616666666666667,3.3,-16.9,22.316666666666666,0,6,2023,12,Winter
2023-12-14,-1.0999999999999999,5.04,-7.24,7.8,-10.7,19.1,0,5,2023,12,Winter
2023-12-15,4.783333333333333,9.516666666666666,-1.1102230246251565e-16,12.7,-2.1,13.216666666666667,0,6,2023,12,Winter
2023-12-16,2.966666666666667,5.85,0.033333333333333326,10.9,-3.4,15.033333333333333,0,6,2023,12,Winter
2023-12-17,3.7166666666666663,6.25,1.1333333333333333,8.8,-3.3,14.283333333333333,0,6,2023,12,Winter
2023-12-18,-0.4333333333333335,4.116666666666666,-4.966666666666667,7.1,-14.1,18.433333333333334,0,6,2023,12,Winter
2023-12-19,-4.4,-0.3333333333333333,-8.433333333333334,1.3,-16.5,22.4,0,6,2023,12,Winter
2023-12-20,-2.8333333333333335,1.0833333333333335,-6.766666666666667,4.9,-13.5,20.833333333333332,0,6,2023,12,Winter
2023-12-21,-3.033333333333333,-0.06666666666666658,-5.983333333333333,6.1,-13.1,21.03333333333333,0,6,2023,12,Winter
2023-12-22,-2.6166666666666663,0.033333333333333506,-5.233333333333333,4.9,-13.2,20.616666666666667,0,6,2023,12,Winter
2023-12-23,0.35000000000000003,2.4833333333333334,-1.7833333333333332,7.3,-10.7,17.65,0,6,2023,12,Winter
2023-12-24,3.76,5.3,2.16,8.3,-3.2,14.24,0,5,2023,12,Winter
2023-12-25,4.283333333333333,6.583333333333334,1.9166666666666667,12.3,-0.2,13.716666666666667,0,6,2023,12,Winter
2023-12-26,5.3,7.680000000000001,2.88,12.8,-1.2,12.7,0,5,2023,12,Winter
2023-12-27,4.916666666666667,5.95,3.85,9.3,0.6,13.083333333333334,0,6,2023,12,Winter
2023-12-28,4.016666666666667,5.7,2.3,7.8,-3.7,13.983333333333334,0,6,2023,12,Winter
2023-12-29,1.4500000000000002,4.283333333333333,-1.4333333333333331,6.4,-6.4,16.55,0,6,2023,12,Winter
2023-12-30,-1.6333333333333333,0.06666666666666674,-3.3333333333333335,3.2,-7.4,19.633333333333333,0,6,2023,12,Winter
2023-12-31,-3.216666666666667,-1.616666666666667,-4.816666666666666,3.7,-12.4,21.216666666666665,0,6,2023,12,Winter
2024-01-01,-4.233333333333333,-1.2,-7.2,2.1,-14.7,22.233333333333334,0,6,2024,1,Winter
2024-01-02,-2.5666666666666664,-0.03333333333333334,-5.066666666666666,0.6,-13,20.566666666666666,0,6,2024,1,Winter
2024-01-03,-2.416666666666667,0.5499999999999999,-5.383333333333333,2.5,-15.1,20.416666666666668,0,6,2024,1,Winter
2024-01-04,-7.45,-3.3333333333333335,-11.533333333333333,0.8,-20,25.45,0,6,2024,1,Winter
2024-01-05,-5.316666666666666,-2.2666666666666666,-8.333333333333334,-0.3,-14.4,23.316666666666666,0,6,2024,1,Winter
2024-01-06,-3.8833333333333333,-1.5999999999999999,-6.116666666666666,2.3,-10.9,21.883333333333333,0,6,2024,1,Winter
2024-01-07,-5.266666666666667,-1.6333333333333333,-8.85,2.4,-20.3,23.266666666666666,0,6,2024,1,Winter
2024-01-08,-3.95,-0.9666666666666666,-6.916666666666666,2.8,-22,21.95,0,6,2024,1,Winter
2024-01-09,-0.8,2.15,-3.733333333333333,6.9,-10.2,18.8,0,6,2024,1,Winter
2024-01-10,-2.98,0.5799999999999996,-6.5,6.1,-14.1,20.98,0,5,2024,1,Winter
2024-01-11,-4.16,-1.8199999999999996,-6.5,2.5,-22.1,22.16,0,5,2024,1,Winter
2024-01-12,-3.4999999999999996,-0.4399999999999999,-6.58,4.4,-14.5,21.5,0,5,2024,1,Winter
2024-01-13,-5.833333333333333,-1.466666666666667,-10.166666666666668,5.3,-18.7,23.833333333333332,0,6,2024,1,Winter
2024-01-14,-10.92,-7.1000000000000005,-14.72,-3,-19.2,28.919999999999998,0,5,2024,1,Winter
2024-01-15,-13.716666666666667,-10.9,-16.466666666666665,-7.2,-23.7,31.71666666666667,0,6,2024,1,Winter
2024-01-16,-13.4,-10.416666666666666,-16.333333333333336,-7.2,-23.1,31.4,0,6,2024,1,Winter
2024-01-17,-14.479999999999999,-10.58,-18.34,-8.4,-26.3,32.48,0,5,2024,1,Winter
2024-01-18,-9.975,-6.675,-13.175,-3.6,-21.3,27.975,0,4,2024,1,Winter
2024-01-19,-14.65,-9.733333333333334,-19.5,-5.7,-29,32.65,0,6,2024,1,Winter
2024-01-20,-14.02,-10.08,-17.92,-7.6,-22.2,32.02,0,5,2024,1,Winter
2024-01-21,-9.98,-4.88,-14.98,-2.1,-21.3,27.98,0,5,2024,1,Winter
2024-01-22,-5.44,-2,-8.86,-0.9,-12.1,23.439999999999998,0,5,2024,1,Winter
2024-01-23,-4.140000000000001,-1.92,-6.3,1.6,-10.1,22.14,0,5,2024,1,Winter
2024-01-24,-1.9333333333333333,0.2500000000000001,-4.133333333333334,3.2,-10.9,19.933333333333334,0,6,2024,1,Winter
2024-01-25,0.6166666666666665,2.15,-0.9166666666666667,3.5,-3.7,17.383333333333333,0,6,2024,1,Winter
2024-01-26,1.9000000000000001,3.42,0.31999999999999995,5.5,-1.3,16.1,0,5,2024,1,Winter
2024-01-27,1.14,2.32,-0.09999999999999995,3.8,-1.4,16.86,0,5,2024,1,Winter
2024-01-28,0.016666666666666684,1.9833333333333334,-1.9833333333333332,3.2,-9.2,17.983333333333334,0,6,2024,1,Winter
2024-01-29,-1.8166666666666667,1.0499999999999998,-4.683333333333334,3.9,-11.9,19.816666666666666,0,6,2024,1,Winter
2024-01-30,-0.9333333333333333,0.2666666666666667,-2.15,2.4,-7.7,18.933333333333334,0,6,2024,1,Winter
2024-01-31,0.16666666666666669,2.933333333333333,-2.6166666666666667,5.7,-8,17.833333333333332,0,6,2024,1,Winter
2024-02-01,-0.0799999999999999,3.22,-3.34,4.4,-13.5,18.08,0,5,2024,2,Winter
2024-02-02,-3.3,0.92,-7.4799999999999995,3.8,-17,21.3,0,5,2024,2,Winter
2024-02-03,-3.6799999999999997,1.56,-8.88,3.6,-16.5,21.68,0,5,2024,2,Winter
2024-02-04,-2.2600000000000002,4.16,-8.62,7.1,-14,20.26,0,5,2024,2,Winter
2024-02-05,-1.28,1.8,-4.34,3.8,-7.6,19.28,0,5,2024,2,Winter
2024-02-06,-0.7,3.7199999999999998,-5.1,5.1,-8.9,18.7,0,5,2024,2,Winter
2024-02-07,-0.42000000000000015,4.4,-5.26,8.4,-8.8,18.42,0,5,2024,2,Winter
2024-02-08,3.28,8.3,-1.7400000000000002,14.3,-6.3,14.719999999999999,0,5,2024,2,Winter
2024-02-09,6.533333333333333,11.083333333333334,1.9333333333333333,16.6,-3.9,11.466666666666667,0,6,2024,2,Winter
2024-02-10,2.4,5.383333333333334,-0.6,10.3,-7.1,15.6,0,6,2024,2,Winter
2024-02-11,-0.9333333333333333,1.0833333333333335,-2.966666666666667,4.2,-7.5,18.933333333333334,0,6,2024,2,Winter
2024-02-12,-0.7000000000000001,3.3800000000000003,-4.8,5,-8.5,18.7,0,5,2024,2,Winter
2024-02-13,-4.4,0.7333333333333333,-9.483333333333333,5.8,-16.9,22.4,0,6,2024,2,Winter
2024-02-14,-6.3,-1.6333333333333333,-10.933333333333334,3.2,-19.2,24.3,0,6,2024,2,Winter
2024-02-15,-4.3999999999999995,-0.6666666666666667,-8.116666666666667,3.9,-13.2,22.4,0,6,2024,2,Winter
2024-02-16,-5.26,-2.52,-7.9399999999999995,-0.5,-15.2,23.26,0,5,2024,2,Winter
2024-02-17,-9.52,-6.46,-12.5,-1.9,-20.5,27.52,0,5,2024,2,Winter
2024-02-18,-6.28,-1.14,-11.379999999999999,2.9,-18.4,24.28,0,5,2024,2,Winter
2024-02-19,-9.833333333333334,-4.466666666666667,-15.15,3.5,-22.6,27.833333333333332,0,6,2024,2,Winter
2024-02-20,-4.466666666666667,1.8666666666666667,-10.75,7.9,-21.1,22.46666666666667,0,6,2024,2,Winter
2024-02-21,0.9833333333333333,8.316666666666666,-6.366666666666666,14.2,-14.2,17.016666666666666,0,6,2024,2,Winter
2024-02-22,3.0833333333333335,8.516666666666667,-2.3666666666666667,11.1,-8.1,14.916666666666666,0,6,2024,2,Winter
2024-02-23,-3.8166666666666664,4.166666666666667,-11.766666666666666,11,-19.7,21.816666666666666,0,6,2024,2,Winter
2024-02-24,-8.1,-4.225,-11.899999999999999,-0.9,-16.9,26.1,0,4,2024,2,Winter
2024-02-25,-1.9833333333333332,4.083333333333334,-8.016666666666666,8.8,-14.6,19.983333333333334,0,6,2024,2,Winter
2024-02-26,1.5500000000000003,7.35,-4.275,12.6,-12.3,16.45,0,4,2024,2,Winter
2024-02-27,4.66,11.68,-2.38,21.4,-17.7,13.34,0,5,2024,2,Winter
2024-02-28,-0.8833333333333334,9.783333333333333,-11.566666666666666,16.9,-20.5,18.883333333333333,0,6,2024,2,Winter
2024-02-29,-8.85,-4.233333333333333,-13.433333333333334,2.8,-23.5,26.85,0,6,2024,2,Winter
2024-03-01,-0.43333333333333335,7.316666666666666,-8.183333333333334,9.2,-12.5,18.433333333333334,0,6,2024,3,Spring
2024-03-02,3.4,7.583333333333333,-0.8499999999999998,10.5,-4.6,14.6,0,6,2024,3,Spring
2024-03-03,4.716666666666667,8.616666666666667,0.7833333333333332,14.3,-2.2,13.283333333333333,0,6,2024,3,Spring
2024-03-04,8.333333333333334,14.766666666666667,1.8166666666666669,22,-2.8,9.666666666666666,0,6,2024,3,Spring
2024-03-05,7.033333333333333,12.866666666666667,1.1500000000000001,17.5,-7.3,10.966666666666667,0,6,2024,3,Spring
2024-03-06,3.65,6.816666666666666,0.4666666666666664,10.7,-8.3,14.35,0,6,2024,3,Spring
2024-03-07,4.566666666666666,9.75,-0.6833333333333335,12.3,-4.7,13.433333333333334,0,6,2024,3,Spring
2024-03-08,4.233333333333333,9.433333333333334,-0.9833333333333335,15.5,-6.4,13.766666666666666,0,6,2024,3,Spring
2024-03-09,2.65,7.183333333333333,-1.8666666666666665,11.5,-8.6,15.35,0,6,2024,3,Spring
2024-03-10,-1.05,2.916666666666667,-4.966666666666667,6.9,-10,19.05,0,6,2024,3,Spring
2024-03-11,1.98,7.88,-3.9600000000000004,12.2,-9.3,16.02,0,5,2024,3,Spring
2024-03-12,6.166666666666666,13.583333333333334,-1.3,19.7,-4.3,11.833333333333334,0,6,2024,3,Spring
2024-03-13,8.48,15.36,1.5000000000000002,20.6,-3.7,9.52,0,5,2024,3,Spring
2024-03-14,5.716666666666667,11.7,-0.30000000000000027,13.9,-6.6,12.283333333333333,0,6,2024,3,Spring
2024-03-15,4,9.683333333333334,-1.7333333333333334,12.9,-7.4,14,0,6,2024,3,Spring
2024-03-16,2.85,7.966666666666667,-2.3,15.3,-5.8,15.15,0,6,2024,3,Spring
2024-03-17,0.2666666666666667,3.3333333333333335,-2.816666666666667,6.7,-9.5,17.733333333333334,0,6,2024,3,Spring
2024-03-18,-2.6166666666666667,0.6166666666666667,-5.783333333333333,3,-11.7,20.616666666666667,0,6,2024,3,Spring
2024-03-19,-1.95,1.716666666666667,-5.6,8.4,-10,19.95,0,6,2024,3,Spring
2024-03-20,-4.94,-0.23999999999999988,-9.6,4.1,-16.7,22.94,0,5,2024,3,Spring
2024-03-21,-6.3,-1.6199999999999999,-10.94,2.6,-18.8,24.3,0,5,2024,3,Spring
2024-03-22,-5.78,-2.02,-9.48,1,-13.8,23.78,0,5,2024,3,Spring
2024-03-23,-5.283333333333333,-0.1333333333333333,-10.366666666666667,3.7,-17.4,23.28333333333333,0,6,2024,3,Spring
2024-03-24,-4.0200000000000005,1.8399999999999999,-9.84,3.9,-17.1,22.02,0,5,2024,3,Spring
2024-03-25,3.6333333333333337,10.3,-3.066666666666667,17.5,-6.9,14.366666666666667,0,6,2024,3,Spring
2024-03-26,4.583333333333333,8,1.15,13.5,-8.5,13.416666666666666,0,6,2024,3,Spring
2024-03-27,2.4400000000000004,6.52,-1.6600000000000001,16,-10.9,15.56,0,5,2024,3,Spring
2024-03-28,1.3833333333333333,6.066666666666666,-3.333333333333333,9.8,-8.2,16.616666666666667,0,6,2024,3,Spring
2024-03-29,0.8333333333333333,6.666666666666667,-5,11.5,-13.2,17.166666666666668,0,6,2024,3,Spring
2024-03-30,0.9333333333333333,5,-3.166666666666667,7.6,-6.4,17.066666666666666,0,6,2024,3,Spring
2024-03-31,3.216666666666667,7.583333333333333,-1.1666666666666665,10.8,-6.3,14.783333333333333,0,6,2024,3,Spring
2024-04-01,3.6666666666666665,9.116666666666667,-1.8166666666666664,12.6,-11.2,14.333333333333332,0,6,2024,4,Spring
2024-04-02,4.066666666666666,8.716666666666667,-0.6000000000000001,11.6,-10.6,13.933333333333334,0,6,2024,4,Spring
2024-04-03,3.46,6.3,0.5800000000000001,8.7,-1.7,14.54,0,5,2024,4,Spring
2024-04-04,2.86,6.12,-0.42,10,-1.6,15.14,0,5,2024,4,Spring
2024-04-05,2.7666666666666666,6.55,-1.05,9.4,-5.8,15.233333333333334,0,6,2024,4,Spring
2024-04-06,5.583333333333333,11.233333333333334,-0.08333333333333334,13.2,-6.2,12.416666666666668,0,6,2024,4,Spring
2024-04-07,6.083333333333334,14.033333333333333,-1.9,16.4,-6.9,11.916666666666668,0,6,2024,4,Spring
2024-04-08,9.74,15.280000000000001,4.12,20.6,0.1,8.26,0,5,2024,4,Spring
2024-04-09,11,18.150000000000002,3.8,23.3,1.4,7,0,4,2024,4,Spring
2024-04-10,11.466666666666667,17.8,5.116666666666666,22.2,-1.8,6.533333333333333,0,6,2024,4,Spring
2024-04-11,9.9,15.183333333333334,4.533333333333333,17.7,-2.6,8.1,0,6,2024,4,Spring
2024-04-12,7.833333333333333,12.1,3.5166666666666666,16.5,-0.2,10.166666666666668,0,6,2024,4,Spring
2024-04-13,6.6,11.233333333333333,1.9333333333333331,16.9,-3,11.4,0,6,2024,4,Spring
2024-04-14,9.066666666666666,15.516666666666667,2.55,26.1,-4,8.933333333333334,0,6,2024,4,Spring
2024-04-15,9.316666666666666,15.966666666666667,2.6333333333333333,18.9,-2.2,8.683333333333334,0,6,2024,4,Spring
2024-04-16,9.14,15.9,2.32,19.6,-4,8.86,0,5,2024,4,Spring
2024-04-17,7.266666666666667,11.283333333333333,3.166666666666667,23.7,-1.9,10.733333333333333,0,6,2024,4,Spring
2024-04-18,9.216666666666667,12.95,5.45,18.7,-0.2,8.783333333333333,0,6,2024,4,Spring
2024-04-19,7.966666666666667,12.333333333333334,3.55,15.7,0.4,10.033333333333333,0,6,2024,4,Spring
2024-04-20,4.733333333333333,7.933333333333334,1.4833333333333334,8.6,-1.5,13.266666666666666,0,6,2024,4,Spring
2024-04-21,5.15,10.299999999999999,-0.03333333333333337,12.5,-4.2,12.85,0,6,2024,4,Spring
2024-04-22,6.033333333333333,14.483333333333334,-2.4833333333333334,19.7,-5.6,11.966666666666667,0,6,2024,4,Spring
2024-04-23,8.4,14.05,2.716666666666667,17.8,-4.2,9.6,0,6,2024,4,Spring
2024-04-24,1.7333333333333334,7.133333333333333,-3.666666666666667,9.6,-10,16.266666666666666,0,6,2024,4,Spring
2024-04-25,3.3600000000000003,10.08,-3.36,11.7,-6.6,14.64,0,5,2024,4,Spring
2024-04-26,6.55,15,-1.9666666666666666,17.5,-4.3,11.45,0,6,2024,4,Spring
2024-04-27,11.816666666666666,17.516666666666666,6.066666666666666,26.7,2,6.383333333333334,0.2,6,2024,4,Spring
2024-04-28,12.433333333333334,17.55,7.3,25.7,-0.2,5.666666666666666,0.1,6,2024,4,Spring
2024-04-29,10.233333333333334,14,6.416666666666667,26.9,0,8.149999999999999,0.38333333333333336,6,2024,4,Spring
2024-04-30,11.44,15.5,7.34,21.9,4.8,6.5600000000000005,0,5,2024,4,Spring
2024-05-01,13,19.560000000000002,6.4,27.1,5.3,5,0,5,2024,5,Spring
2024-05-02,12.566666666666666,18.183333333333334,6.916666666666666,21.6,0.6,5.433333333333334,0,6,2024,5,Spring
2024-05-03,13.316666666666666,18.016666666666666,8.566666666666666,20.3,5.1,4.683333333333334,0,6,2024,5,Spring
2024-05-04,15.233333333333334,21.35,9.1,23.7,3.1,2.7666666666666666,0,6,2024,5,Spring
2024-05-05,13.866666666666667,19.349999999999998,8.316666666666666,22,1.5,4.133333333333334,0,6,2024,5,Spring
2024-05-06,13.52,19.74,7.26,21.1,4.3,4.48,0,5,2024,5,Spring
2024-05-07,13.5,20.483333333333334,6.483333333333333,22.8,5.5,4.5,0,6,2024,5,Spring
2024-05-08,13.05,18.866666666666667,7.166666666666667,25.3,4.1,4.95,0,6,2024,5,Spring
2024-05-09,10.34,14.86,5.76,16.7,0.1,7.66,0,5,2024,5,Spring
2024-05-10,10.8,16.416666666666668,5.1,18.6,-2.5,7.2,0,6,2024,5,Spring
2024-05-11,11,15.616666666666667,6.333333333333333,19.8,3.7,7,0,6,2024,5,Spring
2024-05-12,13.066666666666666,19.083333333333332,7.016666666666667,23.8,2.9,4.933333333333334,0,6,2024,5,Spring
2024-05-13,15.533333333333333,22.6,8.433333333333334,26.7,1.4,2.683333333333333,0.21666666666666667,6,2024,5,Spring
2024-05-14,13.933333333333334,19.35,8.5,22.6,-1,4.066666666666666,0,6,2024,5,Spring
2024-05-15,14.266666666666666,19.766666666666666,8.700000000000001,22.8,2.4,3.7333333333333334,0,6,2024,5,Spring
2024-05-16,14.866666666666667,20.8,8.916666666666668,23.7,5.2,3.1333333333333333,0,6,2024,5,Spring
2024-05-17,16.6,21.03333333333333,12.133333333333333,24.2,4.3,1.65,0.25,6,2024,5,Spring
2024-05-18,16.92,22.1,11.74,24.3,6.5,1.4,0.32,5,2024,5,Spring
2024-05-19,18.75,26.416666666666664,11.05,30.7,9.3,0.2333333333333333,0.9833333333333334,6,2024,5,Spring
2024-05-20,19.466666666666665,26.216666666666665,12.683333333333334,31.1,7,1.1833333333333333,2.65,6,2024,5,Spring
2024-05-21,20.016666666666666,25.583333333333332,14.4,31.1,6,1.1500000000000001,3.1666666666666665,6,2024,5,Spring
2024-05-22,20.633333333333333,27.1,14.083333333333332,30.6,3.3,1.1833333333333333,3.8166666666666664,6,2024,5,Spring
2024-05-23,17.28333333333333,23.333333333333332,11.183333333333334,26.7,3.7,1.8833333333333333,1.1666666666666667,6,2024,5,Spring
2024-05-24,14.666666666666668,20.45,8.866666666666667,27.4,3,3.8833333333333333,0.55,6,2024,5,Spring
2024-05-25,16.2,21.900000000000002,10.42,27.1,5.7,2.48,0.6799999999999999,5,2024,5,Spring
2024-05-26,16.44,22.24,10.56,25.8,3.1,1.94,0.38,5,2024,5,Spring
2024-05-27,17.616666666666667,22.2,12.983333333333333,25.1,5.8,1.2166666666666668,0.8333333333333333,6,2024,5,Spring
2024-05-28,15.68,20.18,11.14,23.2,4.3,2.42,0.1,5,2024,5,Spring
2024-05-29,13,19.24,6.7,20.8,0.9,5,0,5,2024,5,Spring
2024-05-30,12.1,20.066666666666666,4.083333333333334,21.6,0.4,5.9,0,6,2024,5,Spring
2024-05-31,15.183333333333334,23.983333333333334,6.333333333333333,25.1,4.3,2.816666666666667,0,6,2024,5,Spring
2024-06-01,16.883333333333333,24.333333333333332,9.383333333333333,27.4,7,1.4,0.2833333333333333,6,2024,6,Summer
2024-06-02,17,22.05,11.9,26.2,4.3,1.5166666666666666,0.5166666666666667,6,2024,6,Summer
2024-06-03,18.183333333333334,23.65,12.666666666666666,28.6,9,0.9166666666666666,1.1,6,2024,6,Summer
2024-06-04,20.919999999999998,27.42,14.38,29.8,13.2,0,2.92,5,2024,6,Summer
2024-06-05,21.7,26.883333333333333,16.466666666666665,31.4,10.1,0.4666666666666666,4.166666666666666,6,2024,6,Summer
2024-06-06,18.92,23.66,14.139999999999999,26.7,8.5,0.9,1.82,5,2024,6,Summer
2024-06-07,15.783333333333333,19.71666666666667,11.8,21.8,8,2.216666666666667,0,6,2024,6,Summer
2024-06-08,16.35,21.983333333333334,10.666666666666668,25.4,5.9,1.6833333333333333,0.03333333333333334,6,2024,6,Summer
2024-06-09,15.200000000000001,20.6,9.8,24,5.9,2.85,0.05,6,2024,6,Summer
2024-06-10,12.866666666666667,17.78333333333333,7.866666666666667,23.1,1.2,5.133333333333334,0,6,2024,6,Summer
2024-06-11,13.083333333333334,19.1,7.05,22,2.2,4.916666666666667,0,6,2024,6,Summer
2024-06-12,17.016666666666666,23.983333333333334,9.983333333333334,28.8,4.6,1.55,0.5666666666666667,6,2024,6,Summer
2024-06-13,20.2,27.35,13.025,30.7,8.9,0.475,2.675,4,2024,6,Summer
2024-06-14,17.419999999999998,23.18,11.64,26.3,6.9,1.24,0.6599999999999999,5,2024,6,Summer
2024-06-15,15.4,22.383333333333333,8.333333333333332,24.4,3,2.6,0,6,2024,6,Summer
2024-06-16,16.75,23.1,10.333333333333334,30.4,5.8,1.9833333333333334,0.7333333333333333,6,2024,6,Summer
2024-06-17,22.45,29.75,15.116666666666667,34.6,10.6,0.3333333333333333,4.783333333333333,6,2024,6,Summer
2024-06-18,24.78333333333333,30.566666666666666,18.983333333333334,33.7,10.3,0.39999999999999997,7.183333333333334,6,2024,6,Summer
2024-06-19,25.316666666666666,31.416666666666668,19.133333333333333,34.5,8.6,0.4333333333333334,7.75,6,2024,6,Summer
2024-06-20,22.483333333333334,27.883333333333333,17,31.9,6.8,0.7000000000000001,5.183333333333334,6,2024,6,Summer
2024-06-21,21.6,26.416666666666664,16.733333333333334,32.5,7.3,0.3666666666666667,3.966666666666667,6,2024,6,Summer
2024-06-22,21.516666666666666,25.85,17.15,34.3,9.4,0.31666666666666665,3.833333333333333,6,2024,6,Summer
2024-06-23,20.22,24.8,15.56,28.4,11.4,0.6,2.82,5,2024,6,Summer
2024-06-24,20.75,26.933333333333334,14.533333333333333,28.4,9.4,0.18333333333333335,2.933333333333333,6,2024,6,Summer
2024-06-25,20.85,26.15,15.45,29.2,12.9,0.2166666666666667,3.066666666666667,6,2024,6,Summer
2024-06-26,18.15,23.483333333333334,12.8,29,6.6,2.033333333333333,2.1833333333333336,6,2024,6,Summer
2024-06-27,15.82,20.84,10.74,22.2,6.9,2.26,0.08,5,2024,6,Summer
2024-06-28,15.35,21.333333333333336,9.283333333333333,25,6.5,2.783333333333333,0.13333333333333336,6,2024,6,Summer
2024-06-29,19.683333333333334,24.03333333333333,15.266666666666667,30.3,5.9,1.2666666666666666,2.95,6,2024,6,Summer
2024-06-30,16.616666666666667,22.766666666666666,10.433333333333334,25.5,3.6,1.8833333333333333,0.49999999999999994,6,2024,6,Summer
2024-07-01,17.08,24.080000000000002,10.04,25.6,5.8,1.16,0.24,5,2024,7,Summer
2024-07-02,18.15,24.133333333333333,12.083333333333334,27.6,9.7,0.5666666666666667,0.7166666666666667,6,2024,7,Summer
2024-07-03,23.080000000000002,28.6,17.54,30,11.9,0,5.08,5,2024,7,Summer
2024-07-04,22.45,28.116666666666667,16.733333333333334,30.4,12.3,0,4.45,6,2024,7,Summer
2024-07-05,21.96666666666667,26.95,16.9,29.4,11.4,0,3.9666666666666663,6,2024,7,Summer
2024-07-06,21.383333333333333,26.516666666666666,16.183333333333334,28,11.8,0,3.3833333333333333,6,2024,7,Summer
2024-07-07,21.233333333333334,27.05,15.4,29.1,11.1,0,3.2333333333333334,6,2024,7,Summer
2024-07-08,22.366666666666667,28.633333333333333,16.066666666666666,31.2,11.5,0,4.366666666666666,6,2024,7,Summer
2024-07-09,22.88,28.24,17.48,29.5,12.9,0,4.88,5,2024,7,Summer
2024-07-10,19.75,22.78333333333333,16.7,23.9,11.5,0.08333333333333333,1.8333333333333333,6,2024,7,Summer
2024-07-11,20.95,25.96666666666667,15.899999999999999,27.6,8.5,0.09999999999999999,3.05,6,2024,7,Summer
2024-07-12,22.266666666666666,28.25,16.216666666666665,31.9,12.4,0,4.266666666666667,6,2024,7,Summer
2024-07-13,22.96666666666667,29.266666666666666,16.616666666666667,29.9,14.8,0,4.966666666666667,6,2024,7,Summer
2024-07-14,23.133333333333333,28.46666666666667,17.766666666666666,30.4,14.7,0,5.133333333333333,6,2024,7,Summer
2024-07-15,22.766666666666666,26.983333333333334,18.5,30.5,12.5,0.2833333333333333,5.05,6,2024,7,Summer
2024-07-16,22.6,27.45,17.733333333333334,29.9,11.9,0.06666666666666667,4.666666666666667,6,2024,7,Summer
2024-07-17,19.833333333333332,25.266666666666666,14.366666666666667,27.8,9,0.85,2.6833333333333336,6,2024,7,Summer
2024-07-18,17.32,22.02,12.56,23.1,9.1,0.92,0.24,5,2024,7,Summer
2024-07-19,18.566666666666666,25.71666666666667,11.366666666666667,27.7,9.9,0.23333333333333336,0.8,6,2024,7,Summer
2024-07-20,19.75,26,13.416666666666666,28.3,10.5,0.05,1.8,6,2024,7,Summer
2024-07-21,19.633333333333333,25.883333333333333,13.333333333333334,28.3,7.8,0.45000000000000007,2.0833333333333335,6,2024,7,Summer
2024-07-22,19.616666666666667,25.71666666666667,13.466666666666667,27.5,9.6,0.4666666666666666,2.0833333333333335,6,2024,7,Summer
2024-07-23,20.566666666666666,25.416666666666668,15.65,28.5,11.2,0.2833333333333333,2.85,6,2024,7,Summer
2024-07-24,19.083333333333332,23.9,14.233333333333334,26.7,8.2,0.9666666666666666,2.05,6,2024,7,Summer
2024-07-25,18.866666666666667,24.166666666666668,13.516666666666666,26.5,8.4,0.15,1.0166666666666666,6,2024,7,Summer
2024-07-26,19.15,26.45,11.816666666666666,27,8.9,0.016666666666666666,1.1666666666666667,6,2024,7,Summer
2024-07-27,21,27.78,14.14,29.2,11.4,0,3,5,2024,7,Summer
2024-07-28,22.483333333333334,29.333333333333332,15.566666666666666,30.4,13.4,0,4.483333333333333,6,2024,7,Summer
2024-07-29,22.76,28.259999999999998,17.22,29.4,14.7,0,4.76,5,2024,7,Summer
2024-07-30,23.86,28.9,18.8,29.9,14.7,0,5.86,5,2024,7,Summer
2024-07-31,24.85,30.416666666666668,19.233333333333334,32.4,13.7,0,6.85,6,2024,7,Summer
2024-08-01,25.1,30.716666666666665,19.433333333333334,31.8,16.8,0,7.1,6,2024,8,Summer
2024-08-02,24.416666666666668,29.05,19.7,31.8,15.2,0,6.416666666666666,6,2024,8,Summer
2024-08-03,23.650000000000002,29.3,17.95,31.5,12.8,0,5.6499999999999995,6,2024,8,Summer
2024-08-04,23.32,29.099999999999998,17.46,32.1,15.9,0,5.32,5,2024,8,Summer
2024-08-05,20.45,25.616666666666667,15.216666666666667,29.2,8,0.5166666666666666,2.966666666666667,6,2024,8,Summer
2024-08-06,17.94,21.900000000000002,13.94,23.8,11.2,0.38,0.32,5,2024,8,Summer
2024-08-07,18.716666666666665,24.7,12.716666666666667,25.2,9.8,0.13333333333333333,0.8499999999999999,6,2024,8,Summer
2024-08-08,20.016666666666666,25.4,14.583333333333334,27.8,11.6,0.03333333333333333,2.0500000000000003,6,2024,8,Summer
2024-08-09,19.5,24.383333333333333,14.566666666666666,28.3,11.1,0.5833333333333334,2.0833333333333335,6,2024,8,Summer
2024-08-10,17.166666666666668,21.53333333333333,12.716666666666667,25.4,11.3,1.3,0.4666666666666667,6,2024,8,Summer
2024-08-11,17.5,22.55,12.433333333333334,27.6,8.6,0.65,0.15,6,2024,8,Summer
2024-08-12,18.616666666666667,25.05,12.133333333333333,28.9,9.9,0.13333333333333333,0.75,6,2024,8,Summer
2024-08-13,20.05,27.583333333333336,12.483333333333333,30.5,11.1,0,2.05,6,2024,8,Summer
2024-08-14,21.366666666666667,28.46666666666667,14.233333333333333,30.5,12.1,0,3.3666666666666667,6,2024,8,Summer
2024-08-15,21.5,27.833333333333332,15.116666666666667,30,13,0,3.5,6,2024,8,Summer
2024-08-16,21.266666666666666,25.633333333333333,16.816666666666666,30.1,14.4,0,3.2666666666666666,6,2024,8,Summer
2024-08-17,21.8,25.516666666666666,18.05,26.6,14.3,0,3.8,6,2024,8,Summer
2024-08-18,20.083333333333332,24.55,15.566666666666666,26.7,10.1,0.5166666666666667,2.6,6,2024,8,Summer
2024-08-19,15.15,19.766666666666666,10.5,22.4,7.4,2.95,0.1,6,2024,8,Summer
2024-08-20,14.75,20.46666666666667,9,21.7,4.5,3.25,0,6,2024,8,Summer
2024-08-21,15.433333333333334,21.8,9.016666666666667,25.5,5.8,2.5666666666666664,0,6,2024,8,Summer
2024-08-22,17.133333333333333,24.616666666666667,9.583333333333334,25.8,7.2,0.8833333333333333,0.01666666666666667,6,2024,8,Summer
2024-08-23,18.2,25.200000000000003,11.15,26,8.8,0.33333333333333337,0.5333333333333333,6,2024,8,Summer
2024-08-24,19.666666666666668,26.416666666666668,12.85,27.7,11.2,0,1.6666666666666667,6,2024,8,Summer
2024-08-25,21.78,28.26,15.28,29.7,12.9,0,3.78,5,2024,8,Summer
2024-08-26,23.3,29.9,16.62,32.1,14.5,0,5.3,5,2024,8,Summer
2024-08-27,23.416666666666664,29.116666666666667,17.65,33.4,13.6,0,5.416666666666667,6,2024,8,Summer
2024-08-28,18.466666666666665,23.183333333333334,13.700000000000001,28.2,6.5,1.7666666666666666,2.2333333333333334,6,2024,8,Summer
2024-08-29,17.06,23.02,11.02,25.2,4.3,2.1,1.1600000000000001,5,2024,8,Summer
2024-08-30,20.44,26.98,13.84,30.5,10.5,0.26,2.7,5,2024,8,Summer
2024-08-31,20.5,26.433333333333334,14.55,28.1,10.7,0,2.5,6,2024,8,Summer
2024-09-01,17.333333333333332,23.45,11.183333333333334,25.9,7.1,1.45,0.7833333333333333,6,2024,9,Fall
2024-09-02,13.88,19.64,8.08,20.5,4,4.12,0,5,2024,9,Fall
2024-09-03,15.066666666666666,22.78333333333333,7.283333333333333,24,5.4,2.933333333333333,0,6,2024,9,Fall
2024-09-04,17.6,24.616666666666667,10.533333333333333,25.3,8.3,0.45,0.05,6,2024,9,Fall
2024-09-05,17.816666666666666,24.416666666666668,11.183333333333334,27.3,6.3,1.1333333333333333,0.95,6,2024,9,Fall
2024-09-06,14.866666666666667,19.966666666666665,9.716666666666667,23.7,0.8,3.2666666666666666,0.13333333333333336,6,2024,9,Fall
2024-09-07,10.1,14.983333333333333,5.166666666666667,18.2,-1.3,7.9,0,6,2024,9,Fall
2024-09-08,12.316666666666666,18.95,5.65,23.5,4,5.683333333333334,0,6,2024,9,Fall
2024-09-09,15.8,22.266666666666666,9.3,26,6.4,2.333333333333333,0.13333333333333336,6,2024,9,Fall
2024-09-10,15.739999999999998,23.44,7.96,25.7,4.8,2.2600000000000002,0,5,2024,9,Fall
2024-09-11,17.433333333333334,24.233333333333334,10.6,27.4,8.9,0.8333333333333333,0.2666666666666667,6,2024,9,Fall
2024-09-12,19.2,25.833333333333332,12.483333333333333,27.7,11.1,0.11666666666666665,1.3166666666666667,6,2024,9,Fall
2024-09-13,19.933333333333334,26.133333333333333,13.716666666666667,27.9,12.2,0.049999999999999996,1.9833333333333334,6,2024,9,Fall
2024-09-14,20.3,26.9,13.65,27.9,9.9,0,2.3,6,2024,9,Fall
2024-09-15,21.35,27.9,14.75,29.1,13.9,0,3.35,6,2024,9,Fall
2024-09-16,20.96666666666667,28.166666666666668,13.716666666666667,29,11.9,0,2.966666666666667,6,2024,9,Fall
2024-09-17,20.233333333333334,27.083333333333332,13.333333333333334,28.9,11.7,0,2.2333333333333334,6,2024,9,Fall
2024-09-18,20.44,27.439999999999998,13.4,29.7,11.7,0,2.44,5,2024,9,Fall
2024-09-19,19.9,26.833333333333336,12.916666666666666,28.1,10.7,0,1.9,6,2024,9,Fall
2024-09-20,19.816666666666666,26.566666666666666,13.016666666666666,29.1,10.2,0,1.8166666666666667,6,2024,9,Fall
2024-09-21,19.53333333333333,25.633333333333333,13.383333333333333,30,7.6,0.48333333333333334,2.0166666666666666,6,2024,9,Fall
2024-09-22,18.45,24.175,12.675,28.6,11.1,0.7,1.15,4,2024,9,Fall
2024-09-23,16.083333333333332,19.866666666666667,12.266666666666666,22.7,1.4,2.6166666666666667,0.7,6,2024,9,Fall
2024-09-24,16.233333333333334,19.55,12.883333333333333,21.6,5.6,2.0666666666666664,0.3,6,2024,9,Fall
2024-09-25,17.7,22.3,13.05,25.1,7.4,1.2833333333333332,0.9833333333333333,6,2024,9,Fall
2024-09-26,17.366666666666667,23.1,11.55,25.7,6.4,0.9333333333333332,0.3,6,2024,9,Fall
2024-09-27,17.7,23.975,11.35,28,7.1,0.775,0.475,4,2024,9,Fall
2024-09-28,18.44,23.04,13.8,28.7,6.2,0.58,1.02,5,2024,9,Fall
2024-09-29,17.74,23.02,12.4,24.8,2.2,1.4800000000000002,1.22,5,2024,9,Fall
2024-09-30,16.916666666666668,22.633333333333333,11.133333333333333,23.3,1.4,1.5166666666666666,0.43333333333333335,6,2024,9,Fall
2024-10-01,15.283333333333333,21.516666666666666,9,25.5,4.5,2.85,0.13333333333333336,6,2024,10,Fall
2024-10-02,12.316666666666666,17.866666666666667,6.733333333333333,19.7,2.3,5.683333333333334,0,6,2024,10,Fall
2024-10-03,14.066666666666666,21.616666666666667,6.483333333333333,24.1,0.3,3.933333333333333,0,6,2024,10,Fall
2024-10-04,12.833333333333334,19.71666666666667,5.866666666666666,21.8,-3.2,5.166666666666667,0,6,2024,10,Fall
2024-10-05,11.283333333333333,18.633333333333333,3.8666666666666667,20.8,-1.9,6.716666666666667,0,6,2024,10,Fall
2024-10-06,14.7,21.366666666666667,7.966666666666667,25.3,2.5,3.583333333333333,0.2833333333333333,6,2024,10,Fall
2024-10-07,10.48,15.98,4.9,18.4,1.1,7.52,0,5,2024,10,Fall
2024-10-08,8.883333333333333,15.533333333333333,2.1666666666666665,20.3,-2.1,9.116666666666667,0,6,2024,10,Fall
2024-10-09,7.416666666666667,12.966666666666667,1.8333333333333333,17.5,-4.4,10.583333333333332,0,6,2024,10,Fall
2024-10-10,8.6,14.02,3.1,16.9,0.5,9.4,0,5,2024,10,Fall
2024-10-11,11.9,20.55,3.216666666666667,25,1.3,6.1,0,6,2024,10,Fall
2024-10-12,10.133333333333333,15.433333333333334,4.75,18.7,-1.7,7.866666666666666,0,6,2024,10,Fall
2024-10-13,7.85,11.016666666666666,4.65,13.1,0.1,10.15,0,6,2024,10,Fall
2024-10-14,6.12,9.78,2.4200000000000004,12.7,-2.4,11.88,0,5,2024,10,Fall
2024-10-15,5.716666666666667,9.833333333333332,1.5666666666666667,11.7,-4.3,12.283333333333333,0,6,2024,10,Fall
2024-10-16,5.933333333333334,12.016666666666666,-0.25,16.2,-4.7,12.066666666666666,0,6,2024,10,Fall
2024-10-17,7.033333333333333,15.266666666666667,-1.25,16,-4.5,10.966666666666667,0,6,2024,10,Fall
2024-10-18,9.883333333333333,18.28333333333333,1.4333333333333333,20,-1.1,8.116666666666667,0,6,2024,10,Fall
2024-10-19,10.65,18.516666666666666,2.716666666666667,20.6,1.2,7.35,0,6,2024,10,Fall
2024-10-20,13.35,22.083333333333336,4.566666666666666,23,0.1,4.6499999999999995,0,6,2024,10,Fall
2024-10-21,16.36,23.900000000000002,8.76,26.1,1.9,1.92,0.27999999999999997,5,2024,10,Fall
2024-10-22,15.8,23.483333333333334,8.1,24.4,6,2.2,0,6,2024,10,Fall
2024-10-23,10.683333333333334,17.8,3.5166666666666666,21.8,-2.9,7.316666666666666,0,6,2024,10,Fall
2024-10-24,6.416666666666666,12.883333333333335,-0.09999999999999994,17.6,-3.2,11.583333333333334,0,6,2024,10,Fall
2024-10-25,6.2,11.616666666666667,0.7000000000000001,15.7,-2.9,11.8,0,6,2024,10,Fall
2024-10-26,5.76,12.02,-0.54,13.7,-3.1,12.24,0,5,2024,10,Fall
2024-10-27,3.8,8.75,-1.1666666666666667,13.2,-2.9,14.2,0,6,2024,10,Fall
2024-10-28,6.116666666666666,11.05,1.1500000000000001,15.9,-4.2,11.883333333333333,0,6,2024,10,Fall
2024-10-29,10.033333333333333,16.7,3.316666666666667,25,-1,7.966666666666667,0,6,2024,10,Fall
2024-10-30,15.583333333333334,20.6,10.516666666666666,24.6,-1.6,3.1666666666666665,0.75,6,2024,10,Fall
2024-10-31,13.5,17.5,9.433333333333334,23.9,-2.3,4.883333333333334,0.38333333333333336,6,2024,10,Fall
2024-11-01,7.02,12.56,1.46,16.8,-3,10.98,0,5,2024,11,Fall
2024-11-02,3.1166666666666667,8.25,-2.05,13.1,-6.3,14.883333333333333,0,6,2024,11,Fall
2024-11-03,4.116666666666666,10,-1.8166666666666669,15.6,-5.2,13.883333333333333,0,6,2024,11,Fall
2024-11-04,10.733333333333334,14.516666666666666,6.916666666666666,21.2,0.2,7.266666666666667,0,6,2024,11,Fall
2024-11-05,15.166666666666666,18.816666666666666,11.466666666666667,24.3,2.7,3.5666666666666664,0.7333333333333333,6,2024,11,Fall
2024-11-06,12.466666666666667,18.383333333333333,6.516666666666667,21.4,-2.6,5.533333333333333,0,6,2024,11,Fall
2024-11-07,7.633333333333333,12.1,3.1,14.7,-2.3,10.366666666666667,0,6,2024,11,Fall
2024-11-08,6.166666666666667,11.633333333333333,0.6499999999999999,15.9,-5,11.833333333333334,0,6,2024,11,Fall
2024-11-09,3.45,9.216666666666667,-2.3666666666666667,13.2,-7,14.549999999999999,0,6,2024,11,Fall
2024-11-10,6.0600000000000005,9.4,2.6399999999999997,15.1,-2.7,11.94,0,5,2024,11,Fall
2024-11-11,6.283333333333333,10.983333333333333,1.5666666666666667,14.6,-5.3,11.716666666666667,0,6,2024,11,Fall
2024-11-12,1.5333333333333332,6.216666666666667,-3.1333333333333333,8.9,-8.6,16.466666666666665,0,6,2024,11,Fall
2024-11-13,2.5,7.2,-2.216666666666667,11.5,-5.7,15.5,0,6,2024,11,Fall
2024-11-14,4.433333333333334,7.416666666666667,1.4166666666666665,9.7,-6,13.566666666666666,0,6,2024,11,Fall
2024-11-15,5.4799999999999995,8.2,2.7199999999999998,10.8,-3.5,12.52,0,5,2024,11,Fall
2024-11-16,6.02,10.1,1.8800000000000003,12.7,-4.6,11.98,0,5,2024,11,Fall
2024-11-17,5.9,9.84,1.9400000000000002,12.3,-3.3,12.1,0,5,2024,11,Fall
2024-11-18,6.033333333333333,11.366666666666667,0.65,15.4,-5.3,11.966666666666667,0,6,2024,11,Fall
2024-11-19,7,10.35,3.583333333333333,15.2,-0.8,11,0,6,2024,11,Fall
2024-11-20,5.6,8.65,2.5166666666666666,12.4,1.6,12.4,0,6,2024,11,Fall
2024-11-21,3.0666666666666664,4.9,1.15,6.9,-1.8,14.933333333333334,0,6,2024,11,Fall
2024-11-22,4.5,6.816666666666666,2.15,7.8,-0.2,13.5,0,6,2024,11,Fall
2024-11-23,3.6166666666666667,5.983333333333333,1.1833333333333336,9.4,-3.9,14.383333333333333,0,6,2024,11,Fall
2024-11-24,0.7,3.9666666666666663,-2.5833333333333335,7.3,-8,17.3,0,6,2024,11,Fall
2024-11-25,1.1,4.2,-1.9833333333333334,10.2,-5.6,16.9,0,6,2024,11,Fall
2024-11-26,1.7333333333333334,4.516666666666667,-1.0833333333333335,8,-6.2,16.266666666666666,0,6,2024,11,Fall
2024-11-27,-0.19999999999999996,3.216666666666667,-3.6166666666666667,6.8,-9.2,18.2,0,6,2024,11,Fall
2024-11-28,-0.8,1.7333333333333332,-3.35,6.4,-8.1,18.8,0,6,2024,11,Fall
2024-11-29,-2.6,0.016666666666666684,-5.183333333333334,3.6,-7.7,20.6,0,6,2024,11,Fall
2024-11-30,-3.8833333333333333,-1.9333333333333333,-5.816666666666666,3.1,-9.2,21.883333333333333,0,6,2024,11,Fall
2024-12-01,-4.266666666666667,-1.4166666666666667,-7.033333333333333,1.6,-11.2,22.266666666666666,0,6,2024,12,Winter
2024-12-02,-3.5833333333333335,-0.46666666666666656,-6.616666666666667,3.6,-9.3,21.583333333333332,0,6,2024,12,Winter
2024-12-03,-3.9833333333333334,-0.4666666666666667,-7.433333333333334,2.6,-10.2,21.983333333333334,0,6,2024,12,Winter
2024-12-04,-1.9400000000000002,0.45999999999999985,-4.3,3.3,-6.9,19.94,0,5,2024,12,Winter
2024-12-05,-5.266666666666667,-1.6333333333333333,-8.833333333333334,0.4,-11.6,23.266666666666666,0,6,2024,12,Winter
2024-12-06,-6.075,-2.375,-9.675,1.3,-11.4,24.075,0,4,2024,12,Winter
2024-12-07,-2.0500000000000003,2.183333333333333,-6.266666666666667,5.5,-11.8,20.05,0,6,2024,12,Winter
2024-12-08,1.8399999999999999,5.16,-1.5199999999999998,10.2,-6.7,16.16,0,5,2024,12,Winter
2024-12-09,-1.2,1.1833333333333331,-3.583333333333333,10.4,-10.1,19.2,0,6,2024,12,Winter
2024-12-10,0,3.34,-3.3600000000000003,10.1,-16.3,18,0,5,2024,12,Winter
2024-12-11,-3.8999999999999995,-0.4666666666666663,-7.333333333333334,5.4,-19.6,21.9,0,6,2024,12,Winter
2024-12-12,-10.083333333333334,-6.216666666666667,-13.9,0.4,-24.3,28.083333333333332,0,6,2024,12,Winter
2024-12-13,-10.6,-6.166666666666667,-14.966666666666667,-2.5,-20.5,28.6,0,6,2024,12,Winter
2024-12-14,-8.266666666666667,-1.9333333333333336,-14.583333333333334,2.6,-18.1,26.266666666666666,0,6,2024,12,Winter
2024-12-15,-3.14,-0.08000000000000007,-6.2,4.3,-15.5,21.14,0,5,2024,12,Winter
2024-12-16,2.916666666666667,6.233333333333333,-0.4333333333333333,11.2,-6.8,15.083333333333332,0,6,2024,12,Winter
2024-12-17,2.783333333333333,5.533333333333333,-0.03333333333333337,9.3,-6.6,15.216666666666667,0,6,2024,12,Winter
2024-12-18,-2.5166666666666666,0.4833333333333332,-5.566666666666667,3,-20.6,20.516666666666666,0,6,2024,12,Winter
2024-12-19,-6.816666666666666,-3.6833333333333327,-9.883333333333333,0.6,-23,24.816666666666666,0,6,2024,12,Winter
2024-12-20,-7.08,-4.34,-9.799999999999999,0.6,-18.4,25.080000000000002,0,5,2024,12,Winter
2024-12-21,-13.916666666666666,-9.733333333333333,-18.03333333333333,-3.5,-25.9,31.916666666666668,0,6,2024,12,Winter
2024-12-22,-12.7,-7.7,-17.633333333333333,-3,-27.4,30.7,0,6,2024,12,Winter
2024-12-23,-6.220000000000001,-2.4400000000000004,-10,0.9,-18.7,24.22,0,5,2024,12,Winter
2024-12-24,-3.62,-0.9199999999999999,-6.3,1.9,-15.9,21.62,0,5,2024,12,Winter
2024-12-25,-5.4399999999999995,-2.34,-8.540000000000001,3.1,-19.1,23.44,0,5,2024,12,Winter
2024-12-26,-1.9333333333333331,0.5333333333333334,-4.383333333333334,6.3,-10.1,19.933333333333334,0,6,2024,12,Winter
2024-12-27,0.033333333333333215,1.8833333333333333,-1.8333333333333335,7.9,-8.4,17.966666666666665,0,6,2024,12,Winter
2024-12-28,3.46,7.0200000000000005,-0.11999999999999993,14,-8.3,14.54,0,5,2024,12,Winter
2024-12-29,3.48,6.92,-0.019999999999999928,11.1,-4,14.52,0,5,2024,12,Winter
2024-12-30,2.6666666666666665,5.416666666666666,-0.09999999999999995,9.5,-2.3,15.333333333333332,0,6,2024,12,Winter
2024-12-31,0.8,3.04,-1.46,4.8,-4.6,17.2,0,5,2024,12,Winter
2025-01-01,-1.3666666666666667,0.6000000000000001,-3.3666666666666667,2.8,-10.6,19.366666666666667,0,6,2025,1,Winter
2025-01-02,-4.7,-2.5,-6.85,0.4,-13.6,22.7,0,6,2025,1,Winter
2025-01-03,-8.333333333333334,-5.933333333333333,-10.7,-0.3,-18.6,26.333333333333332,0,6,2025,1,Winter
2025-01-04,-9.966666666666667,-7.65,-12.25,-1.8,-21.9,27.966666666666665,0,6,2025,1,Winter
2025-01-05,-9.95,-6.816666666666666,-13.066666666666666,-0.8,-19,27.950000000000003,0,6,2025,1,Winter
2025-01-06,-9.866666666666667,-6.8,-12.883333333333333,-2.9,-19.7,27.866666666666667,0,6,2025,1,Winter
2025-01-07,-9.3,-6.733333333333333,-11.816666666666666,-2,-19,27.3,0,6,2025,1,Winter
2025-01-08,-10.540000000000001,-7.58,-13.42,-4.3,-17,28.54,0,5,2025,1,Winter
2025-01-09,-9.04,-4.52,-13.459999999999999,-2.3,-15.6,27.04,0,5,2025,1,Winter
2025-01-10,-9.05,-4.55,-13.5,-2.6,-19.4,27.05,0,6,2025,1,Winter
2025-01-11,-5.466666666666667,-3,-7.9,0.7,-10.3,23.46666666666667,0,6,2025,1,Winter
2025-01-12,-5.45,-1.8666666666666667,-9,1.7,-12.6,23.45,0,6,2025,1,Winter
2025-01-13,-5.766666666666667,-1.9166666666666665,-9.583333333333332,1.3,-16.2,23.766666666666666,0,6,2025,1,Winter
2025-01-14,-10.65,-7.833333333333333,-13.433333333333334,-3.4,-21.4,28.65,0,6,2025,1,Winter
2025-01-15,-10.516666666666667,-5.566666666666666,-15.4,-3.5,-26.1,28.516666666666666,0,6,2025,1,Winter
2025-01-16,-5.216666666666667,-2.1166666666666667,-8.3,-0.2,-9.6,23.21666666666667,0,6,2025,1,Winter
2025-01-17,-3.2,1.7166666666666668,-8.083333333333332,3,-16.9,21.2,0,6,2025,1,Winter
2025-01-18,-6.15,0.11666666666666654,-12.366666666666667,4.1,-25.4,24.15,0,6,2025,1,Winter
2025-01-19,-14.65,-11.05,-18.25,-5.1,-30.1,32.65,0,6,2025,1,Winter
2025-01-20,-18.4,-14.9,-21.85,-9.8,-33,36.4,0,6,2025,1,Winter
2025-01-21,-16.92,-12.22,-21.580000000000002,-10.6,-31.1,34.92,0,5,2025,1,Winter
2025-01-22,-15.566666666666666,-9.966666666666667,-21.133333333333333,-9,-26.6,33.56666666666666,0,6,2025,1,Winter
2025-01-23,-11.216666666666667,-7.633333333333333,-14.766666666666666,-3.9,-25,29.21666666666667,0,6,2025,1,Winter
2025-01-24,-14.033333333333333,-8.516666666666667,-19.516666666666666,-3.7,-30.7,32.03333333333333,0,6,2025,1,Winter
2025-01-25,-7.92,-2.32,-13.5,0.5,-19.8,25.919999999999998,0,5,2025,1,Winter
2025-01-26,-4.9,-0.575,-9.175,0.3,-15.8,22.9,0,4,2025,1,Winter
2025-01-27,-5.366666666666667,0.31666666666666665,-11,2.4,-20.8,23.366666666666667,0,6,2025,1,Winter
2025-01-28,-9.64,-3.06,-16.2,4.3,-24.4,27.64,0,5,2025,1,Winter
2025-01-29,-8.566666666666666,-3.7333333333333334,-13.366666666666667,4.3,-23.3,26.566666666666666,0,6,2025,1,Winter
2025-01-30,-7.566666666666666,-1.2000000000000002,-13.933333333333334,4.6,-22.7,25.566666666666666,0,6,2025,1,Winter
2025-01-31,-7.016666666666667,-0.4833333333333332,-13.516666666666666,3.5,-26.2,25.016666666666666,0,6,2025,1,Winter
2025-02-01,-13.716666666666667,-8.916666666666666,-18.46666666666667,-2.9,-28.8,31.71666666666667,0,6,2025,2,Winter
2025-02-02,-9.433333333333334,-4.966666666666667,-13.816666666666666,0,-23.8,27.433333333333334,0,6,2025,2,Winter
2025-02-03,-4.183333333333334,-0.2833333333333332,-8.033333333333333,5.8,-17,22.183333333333334,0,6,2025,2,Winter
2025-02-04,-9.433333333333334,-4.883333333333333,-13.9,0.1,-21.2,27.433333333333334,0,6,2025,2,Winter
2025-02-05,-11.75,-7.016666666666667,-16.433333333333334,-3.1,-25.7,29.75,0,6,2025,2,Winter
2025-02-06,-6.3,-2.183333333333333,-10.4,0.6,-19.9,24.3,0,6,2025,2,Winter
2025-02-07,-7.9,-3.783333333333333,-11.933333333333334,-1.1,-18,25.9,0,6,2025,2,Winter
2025-02-08,-8.366666666666667,-4.416666666666667,-12.316666666666666,-2.1,-20,26.366666666666667,0,6,2025,2,Winter
2025-02-09,-7.9,-3.9833333333333334,-11.783333333333333,0.1,-23.8,25.900000000000002,0,6,2025,2,Winter
2025-02-10,-10.816666666666666,-5.716666666666667,-15.9,-0.6,-26.8,28.816666666666666,0,6,2025,2,Winter
2025-02-11,-11.68,-5.5200000000000005,-17.8,-1.4,-32.3,29.68,0,5,2025,2,Winter
2025-02-12,-11.26,-6.5,-15.979999999999999,-2.6,-33.3,29.26,0,5,2025,2,Winter
2025-02-13,-9.633333333333333,-5.483333333333333,-13.716666666666667,-1.2,-25.2,27.633333333333333,0,6,2025,2,Winter
2025-02-14,-12.083333333333332,-7.25,-16.9,-4.5,-28.1,30.083333333333332,0,6,2025,2,Winter
2025-02-15,-7.616666666666666,-4.666666666666666,-10.5,1.2,-16.9,25.616666666666667,0,6,2025,2,Winter
2025-02-16,-10,-6.916666666666666,-13,-1.8,-23.3,28,0,6,2025,2,Winter
2025-02-17,-13.9,-9.833333333333334,-17.883333333333333,-5.6,-25.1,31.9,0,6,2025,2,Winter
2025-02-18,-15.216666666666667,-11.583333333333334,-18.78333333333333,-6.9,-22.4,33.21666666666667,0,6,2025,2,Winter
2025-02-19,-12.816666666666666,-9.15,-16.416666666666668,-6.5,-21.7,30.816666666666666,0,6,2025,2,Winter
2025-02-20,-10,-6.1,-13.84,-3.2,-18.3,28,0,5,2025,2,Winter
2025-02-21,-9.45,-4.616666666666666,-14.25,-0.6,-21.7,27.45,0,6,2025,2,Winter
2025-02-22,-6.866666666666666,-2.4,-11.266666666666666,0.5,-17.9,24.866666666666667,0,6,2025,2,Winter
2025-02-23,-2.625,-0.025000000000000022,-5.175,1,-7,20.625,0,4,2025,2,Winter
2025-02-24,1.75,5.883333333333333,-2.4166666666666665,7.8,-4.6,16.25,0,6,2025,2,Winter
2025-02-25,1.3666666666666667,5.383333333333333,-2.65,12.5,-7.1,16.633333333333333,0,6,2025,2,Winter
2025-02-26,-0.46666666666666673,3.4833333333333334,-4.45,5.9,-7.2,18.46666666666667,0,6,2025,2,Winter
2025-02-27,-0.43333333333333346,3.3833333333333333,-4.283333333333333,7.9,-13.3,18.433333333333334,0,6,2025,2,Winter
2025-02-28,-4.016666666666667,1.6166666666666667,-9.583333333333334,11.5,-18.6,22.01666666666667,0,6,2025,2,Winter
2025-03-01,-9.45,-3.2666666666666666,-15.583333333333334,3.6,-23.9,27.45,0,6,2025,3,Spring
2025-03-02,-11.82,-6.84,-16.78,-1.5,-26.6,29.82,0,5,2025,3,Spring
2025-03-03,-5.183333333333334,1.6166666666666667,-11.916666666666668,5.3,-23.6,23.183333333333334,0,6,2025,3,Spring
2025-03-04,0.8833333333333334,4.333333333333333,-2.566666666666667,9.5,-7.5,17.116666666666667,0,6,2025,3,Spring
2025-03-05,3.94,7.36,0.48,12.8,-0.5,14.06,0,5,2025,3,Spring
2025-03-06,-3.05,1.9333333333333333,-8,4.9,-14.9,21.05,0,6,2025,3,Spring
2025-03-07,-4.366666666666667,-0.2833333333333332,-8.416666666666666,4.5,-18.7,22.366666666666667,0,6,2025,3,Spring
2025-03-08,-4.616666666666667,0.8166666666666667,-10.016666666666667,3.1,-21,22.616666666666667,0,6,2025,3,Spring
2025-03-09,0.8833333333333333,6.783333333333333,-5.016666666666667,11.9,-9.3,17.116666666666667,0,6,2025,3,Spring
2025-03-10,2.916666666666667,8.65,-2.816666666666667,16.9,-9.3,15.083333333333334,0,6,2025,3,Spring
2025-03-11,1.1666666666666667,8.616666666666667,-6.316666666666666,15.6,-13,16.833333333333332,0,6,2025,3,Spring
2025-03-12,-2.46,2.46,-7.359999999999999,7.5,-16.2,20.46,0,5,2025,3,Spring
2025-03-13,0.7,8,-6.6000000000000005,12.2,-9.4,17.3,0,6,2025,3,Spring
2025-03-14,5.083333333333333,13,-2.85,20.3,-6.3,12.916666666666668,0,6,2025,3,Spring
2025-03-15,9.25,14.65,3.833333333333333,20.9,-5.7,8.75,0,6,2025,3,Spring
2025-03-16,4.65,12.283333333333333,-3.0333333333333337,16.7,-10,13.350000000000001,0,6,2025,3,Spring
2025-03-17,-1.1666666666666667,3.216666666666667,-5.566666666666666,6.4,-13.8,19.166666666666668,0,6,2025,3,Spring
2025-03-18,4.35,11.433333333333334,-2.75,18.9,-7.2,13.65,0,6,2025,3,Spring
2025-03-19,7.866666666666666,13.933333333333334,1.7666666666666666,21.5,-8.7,10.133333333333333,0,6,2025,3,Spring
2025-03-20,3.35,10.366666666666667,-3.666666666666667,16.5,-8.9,14.65,0,6,2025,3,Spring
2025-03-21,-0.06666666666666657,6.833333333333334,-7,10.8,-14,18.066666666666666,0,6,2025,3,Spring
2025-03-22,-1.28,5.54,-8.08,8,-14.2,19.279999999999998,0,5,2025,3,Spring
2025-03-23,-4.4,1.16,-9.94,6.4,-17.2,22.4,0,5,2025,3,Spring
2025-03-24,0.46666666666666673,4.216666666666667,-3.283333333333333,7.5,-7.6,17.53333333333333,0,6,2025,3,Spring
2025-03-25,-1,2.8500000000000005,-4.85,8.1,-14.6,19,0,6,2025,3,Spring
2025-03-26,-0.6499999999999999,3.8,-5.075,6.3,-10.6,18.65,0,4,2025,3,Spring
2025-03-27,2.48,10.04,-5.12,13.5,-6.5,15.52,0,5,2025,3,Spring
2025-03-28,1.2333333333333336,5.166666666666666,-2.7,18.9,-9.5,16.766666666666666,0,6,2025,3,Spring
2025-03-29,2.3833333333333337,5.733333333333333,-0.9500000000000004,19.3,-8.8,15.616666666666667,0,6,2025,3,Spring
2025-03-30,2.55,6.066666666666666,-1,18.5,-5.9,15.45,0,6,2025,3,Spring
2025-03-31,3.6,9.475,-2.325,13.4,-9.1,14.399999999999999,0,4,2025,3,Spring
2025-04-01,-2.283333333333333,2.2333333333333334,-6.783333333333333,4.7,-14.2,20.28333333333333,0,6,2025,4,Spring
2025-04-02,0.316666666666667,4.433333333333334,-3.7666666666666666,17,-10.1,17.683333333333334,0,6,2025,4,Spring
2025-04-03,7.683333333333334,13.916666666666666,1.4166666666666665,20,-3.9,10.316666666666666,0,6,2025,4,Spring
2025-04-04,3.84,9.04,-1.36,11,-8.5,14.16,0,5,2025,4,Spring
2025-04-05,3.75,6.633333333333333,0.8833333333333332,10.7,-5.4,14.25,0,6,2025,4,Spring
2025-04-06,1.1666666666666667,5.216666666666667,-2.916666666666667,7.1,-9.9,16.833333333333336,0,6,2025,4,Spring
2025-04-07,-0.9499999999999997,4.633333333333333,-6.55,9.4,-11.6,18.95,0,6,2025,4,Spring
2025-04-08,-4.366666666666667,0.5666666666666668,-9.283333333333333,4.9,-16,22.366666666666667,0,6,2025,4,Spring
2025-04-09,-2.55,4.033333333333333,-9.083333333333334,7.2,-15.2,20.55,0,6,2025,4,Spring
2025-04-10,0.2666666666666667,4.266666666666667,-3.75,6.5,-9.1,17.733333333333334,0,6,2025,4,Spring
2025-04-11,3.333333333333333,8.466666666666667,-1.8499999999999999,15.2,-7,14.666666666666666,0,6,2025,4,Spring
2025-04-12,4.766666666666667,11.083333333333332,-1.5833333333333335,12.7,-5.7,13.233333333333334,0,6,2025,4,Spring
2025-04-13,6.5,13.866666666666667,-0.9166666666666667,16.7,-2.6,11.5,0,6,2025,4,Spring
2025-04-14,8.916666666666666,14.366666666666667,3.4333333333333336,22,-0.4,9.083333333333332,0,6,2025,4,Spring
2025-04-15,3.833333333333333,7.8,-0.1166666666666667,10.8,-4.4,14.166666666666668,0,6,2025,4,Spring
2025-04-16,2.2833333333333337,6.95,-2.433333333333333,11.6,-7.6,15.716666666666667,0,6,2025,4,Spring
2025-04-17,4.016666666666667,11.5,-3.533333333333333,15.4,-6,13.983333333333334,0,6,2025,4,Spring
2025-04-18,10.1,17.183333333333334,3,26.2,-3,7.9,0,6,2025,4,Spring
2025-04-19,9.283333333333333,16.4,2.1166666666666667,22.5,-3.8,8.716666666666667,0,6,2025,4,Spring
2025-04-20,5.716666666666667,11.283333333333333,0.10000000000000009,14,-5.1,12.283333333333333,0,6,2025,4,Spring
2025-04-21,9.18,15.78,2.56,23.3,-3.7,8.82,0,5,2025,4,Spring
2025-04-22,8.64,13.94,3.2800000000000002,17.7,-4.9,9.36,0,5,2025,4,Spring
2025-04-23,9.666666666666666,16.8,2.4833333333333334,25.1,-2.4,8.333333333333334,0,6,2025,4,Spring
2025-04-24,12,20.225,3.75,27.9,0,6,0,4,2025,4,Spring
2025-04-25,12.36,16.72,7.8999999999999995,24.1,0.7,5.640000000000001,0,5,2025,4,Spring
2025-04-26,7.0600000000000005,12.16,1.9000000000000001,16,-3.3,10.94,0,5,2025,4,Spring
2025-04-27,9.58,17.9,1.2399999999999998,19.1,-2.8,8.42,0,5,2025,4,Spring
2025-04-28,11.216666666666667,18.566666666666666,3.8166666666666664,22.3,2.3,6.783333333333333,0,6,2025,4,Spring
2025-04-29,11.933333333333334,22.083333333333332,1.7166666666666666,28.3,-4.2,6.133333333333334,0.06666666666666668,6,2025,4,Spring
2025-04-30,4.783333333333333,10.45,-0.95,14.7,-6.4,13.216666666666667,0,6,2025,4,Spring
2025-05-01,7.8,12.966666666666667,2.5833333333333335,19.8,-2.8,10.2,0,6,2025,5,Spring
2025-05-02,10.633333333333333,15.833333333333334,5.366666666666667,22.1,0.4,7.366666666666666,0,6,2025,5,Spring
2025-05-03,8.433333333333334,12.816666666666666,4,16.7,0.1,9.566666666666666,0,6,2025,5,Spring
2025-05-04,9.316666666666666,14.666666666666666,3.9333333333333336,20.3,-1.5,8.683333333333334,0,6,2025,5,Spring
2025-05-05,13.45,19.75,7.1,24.2,-2.6,4.55,0,6,2025,5,Spring
2025-05-06,13.983333333333334,19.433333333333334,8.466666666666667,22.9,-1.2,4.016666666666667,0,6,2025,5,Spring
2025-05-07,11.55,18.433333333333334,4.566666666666666,24.3,-0.9,6.45,0,6,2025,5,Spring
2025-05-08,7.083333333333333,12.216666666666667,1.9333333333333331,13.8,-4.7,10.916666666666666,0,6,2025,5,Spring
2025-05-09,9.38,16.3,2.4,18.7,-1.8,8.62,0,5,2025,5,Spring
2025-05-10,11.85,20.266666666666666,3.3833333333333333,26.6,1.2,6.15,0,6,2025,5,Spring
2025-05-11,11.016666666666666,18.15,3.8166666666666664,22,-1.9,6.983333333333333,0,6,2025,5,Spring
2025-05-12,15.4,25.05,5.683333333333334,27.1,4.3,2.6,0,6,2025,5,Spring
2025-05-13,18.15,25.5,10.75,29.4,1.6,0.4166666666666667,0.5666666666666667,6,2025,5,Spring
2025-05-14,18.05,23.21666666666667,12.833333333333334,25.1,6.4,0.7166666666666667,0.7666666666666667,6,2025,5,Spring
2025-05-15,17.78,22.74,12.78,27.3,9.9,1.1400000000000001,0.9199999999999999,5,2025,5,Spring
2025-05-16,19.26,25.68,12.76,28.2,7.9,1.1,2.36,5,2025,5,Spring
2025-05-17,14.433333333333334,18.7,10.1,21.6,2.2,3.566666666666667,0,6,2025,5,Spring
2025-05-18,9.133333333333333,13.283333333333333,4.916666666666666,18.9,-3.6,8.866666666666667,0,6,2025,5,Spring
2025-05-19,7.416666666666666,12.75,2,15.5,-5.5,10.583333333333334,0,6,2025,5,Spring
2025-05-20,8.533333333333333,14.583333333333332,2.466666666666667,16.4,-1.4,9.466666666666667,0,6,2025,5,Spring
2025-05-21,9.7,12.816666666666666,6.533333333333333,16.8,2.8,8.3,0,6,2025,5,Spring
2025-05-22,9.1,10.92,7.24,13.7,6.3,8.9,0,5,2025,5,Spring
2025-05-23,9.05,12.016666666666666,6.033333333333333,14.7,3.6,8.95,0,6,2025,5,Spring
2025-05-24,10.14,14.68,5.5600000000000005,16.5,3.2,7.859999999999999,0,5,2025,5,Spring
2025-05-25,11.983333333333333,18.5,5.416666666666667,20.4,2,6.016666666666667,0,6,2025,5,Spring
2025-05-26,13.95,22.05,5.816666666666666,24.5,1.1,4.05,0,6,2025,5,Spring
2025-05-27,15.233333333333333,22.983333333333334,7.433333333333334,26.2,2.3,2.7666666666666666,0,6,2025,5,Spring
2025-05-28,14.766666666666666,21.016666666666666,8.433333333333334,27.2,3.9,3.2333333333333334,0,6,2025,5,Spring
2025-05-29,15.683333333333334,20.633333333333333,10.683333333333334,28.5,4.8,2.316666666666667,0,6,2025,5,Spring
2025-05-30,15.733333333333333,22.483333333333334,8.933333333333334,25.5,3.7,2.416666666666667,0.15,6,2025,5,Spring
2025-05-31,10.383333333333333,15.333333333333334,5.35,19.3,0.8,7.616666666666667,0,6,2025,5,Spring
2025-06-01,10.716666666666667,17.5,3.8833333333333337,22,-0.7,7.283333333333333,0,6,2025,6,Summer
2025-06-02,13.6,22.383333333333333,4.75,25.8,2.1,4.4,0,6,2025,6,Summer
2025-06-03,18.166666666666668,26.1,10.15,30.3,8,0.9166666666666666,1.0833333333333335,6,2025,6,Summer
2025-06-04,20.35,27.65,12.983333333333334,31.3,4.8,0.85,3.1999999999999997,6,2025,6,Summer
2025-06-05,16.866666666666667,21.983333333333334,11.7,25.7,4.1,1.3,0.16666666666666669,6,2025,6,Summer
2025-06-06,18,24.183333333333334,11.733333333333334,26,5,0.8166666666666667,0.8166666666666667,6,2025,6,Summer
2025-06-07,17.783333333333335,24.28333333333333,11.216666666666667,25.9,2.9,1.3166666666666667,1.1,6,2025,6,Summer
2025-06-08,17.166666666666668,23.316666666666666,10.933333333333334,25.2,7,1.3333333333333335,0.5,6,2025,6,Summer
2025-06-09,17.316666666666666,21.45,13.133333333333333,24.7,9,1.0833333333333333,0.4,6,2025,6,Summer
2025-06-10,16.433333333333334,21.5,11.333333333333334,24.4,10,1.6833333333333333,0.11666666666666667,6,2025,6,Summer
2025-06-11,18.633333333333333,25.65,11.583333333333334,29.8,8.5,0.8833333333333333,1.5166666666666666,6,2025,6,Summer
2025-06-12,15.466666666666667,20.65,10.25,25.1,2.1,3.0500000000000003,0.5166666666666667,6,2025,6,Summer
2025-06-13,14.166666666666666,19.183333333333334,9.1,23.5,2.2,3.8833333333333333,0.05,6,2025,6,Summer
2025-06-14,15.25,21.416666666666664,9.033333333333333,23.4,0.1,2.8666666666666667,0.11666666666666665,6,2025,6,Summer
2025-06-15,16.95,24.383333333333333,9.466666666666667,26.2,1.8,1.7166666666666666,0.6666666666666666,6,2025,6,Summer
2025-06-16,18.766666666666666,25.96666666666667,11.483333333333334,27.8,7.6,0.35,1.1166666666666667,6,2025,6,Summer
2025-06-17,21.116666666666667,27.25,14.9,29.2,12.4,0,3.1166666666666667,6,2025,6,Summer
2025-06-18,21.85,27.183333333333334,16.466666666666665,29.7,10.7,0.05,3.9,6,2025,6,Summer
2025-06-19,17.816666666666666,22.066666666666666,13.5,27.4,9.3,1.4000000000000001,1.2166666666666668,6,2025,6,Summer
2025-06-20,17.466666666666665,23.366666666666667,11.483333333333333,27.1,7,1.5333333333333332,0.9999999999999999,6,2025,6,Summer
2025-06-21,20.733333333333334,27.183333333333334,14.216666666666667,31.1,9.1,0.45,3.183333333333333,6,2025,6,Summer
2025-06-22,25.15,29.53333333333333,20.71666666666667,34.8,13.8,0.19999999999999998,7.3500000000000005,6,2025,6,Summer
2025-06-23,26.666666666666668,33,20.3,36,13.8,0,8.666666666666666,6,2025,6,Summer
2025-06-24,25.85,31.866666666666667,19.78333333333333,35.6,10,0.16666666666666666,8.016666666666666,6,2025,6,Summer
2025-06-25,22.48,27.26,17.64,30,7,0.58,5.0600000000000005,5,2025,6,Summer
2025-06-26,19.016666666666666,23.883333333333333,14.1,31.3,8.1,1.0333333333333332,2.05,6,2025,6,Summer
2025-06-27,20.96,26.88,15,33,10.5,0.33999999999999997,3.3,5,2025,6,Summer
2025-06-28,21.24,27.38,15.04,29.4,9.6,0.02,3.2600000000000002,5,2025,6,Summer
2025-06-29,21.02,27.96,14.04,30.4,10.5,0,3.02,5,2025,6,Summer
2025-06-30,21.483333333333334,27.283333333333335,15.633333333333333,30.6,10.9,0,3.4833333333333334,6,2025,6,Summer
2025-07-01,23.6,29.083333333333332,18.05,30.3,12.8,0,5.6000000000000005,6,2025,7,Summer
2025-07-02,22.083333333333332,29.133333333333333,14.983333333333333,31.4,11.6,0,4.083333333333333,6,2025,7,Summer
2025-07-03,19.419999999999998,25.72,13.04,29.5,7.9,0.66,2.08,5,2025,7,Summer
2025-07-04,18.9,26.03333333333333,11.733333333333334,30.9,9.4,0.6,1.5,6,2025,7,Summer
2025-07-05,23.233333333333334,30.349999999999998,16.083333333333332,33.3,13.4,0,5.233333333333333,6,2025,7,Summer
2025-07-06,24.25,29.53333333333333,18.95,34.5,10.6,0.35,6.6000000000000005,6,2025,7,Summer
2025-07-07,20.183333333333334,24.71666666666667,15.6,29.7,7.7,0.39999999999999997,2.583333333333333,6,2025,7,Summer
2025-07-08,19.883333333333333,25.183333333333334,14.516666666666667,28.3,10.3,0.5333333333333333,2.4166666666666665,6,2025,7,Summer
2025-07-09,21.16,26.62,15.639999999999999,27.8,8.5,0.27999999999999997,3.44,5,2025,7,Summer
2025-07-10,21.283333333333335,27.78333333333333,14.75,30.7,7.8,0.3833333333333333,3.6666666666666665,6,2025,7,Summer
2025-07-11,22.833333333333332,29.083333333333332,16.516666666666666,31.3,11.5,0,4.833333333333333,6,2025,7,Summer
2025-07-12,24.566666666666666,30.5,18.6,33.7,14.1,0,6.566666666666666,6,2025,7,Summer
2025-07-13,24.46666666666667,29.916666666666668,18.95,31.9,12.6,0,6.466666666666667,6,2025,7,Summer
2025-07-14,23.28333333333333,29.066666666666666,17.433333333333334,29.8,13.5,0,5.283333333333333,6,2025,7,Summer
2025-07-15,22.4,28.95,15.766666666666666,31.9,13.5,0.11666666666666665,4.516666666666667,6,2025,7,Summer
2025-07-16,22.766666666666666,29.066666666666666,16.400000000000002,34.2,10.8,0.5166666666666667,5.283333333333333,6,2025,7,Summer
2025-07-17,20.16,26.84,13.42,29.2,7.8,0.32,2.48,5,2025,7,Summer
2025-07-18,17.21666666666667,23.96666666666667,10.383333333333333,25.9,7.9,0.9666666666666667,0.18333333333333332,6,2025,7,Summer
2025-07-19,18.9,25.866666666666667,11.9,27.7,7.8,0.26666666666666666,1.1666666666666667,6,2025,7,Summer
2025-07-20,19.866666666666667,25.633333333333333,14.033333333333333,27.5,9.5,0.15,2.0166666666666666,6,2025,7,Summer
2025-07-21,18.02,23.78,12.2,25.1,9.4,0.5599999999999999,0.5800000000000001,5,2025,7,Summer
2025-07-22,18.316666666666666,24.433333333333334,12.133333333333333,26.3,8.5,0.6333333333333333,0.9500000000000001,6,2025,7,Summer
2025-07-23,20.4,27.25,13.466666666666667,29.4,10.5,0,2.4,6,2025,7,Summer
2025-07-24,24.016666666666666,31.133333333333333,16.85,34.5,13.2,0,6.016666666666667,6,2025,7,Summer
2025-07-25,22.916666666666668,28.416666666666668,17.366666666666667,30.1,12.1,0,4.916666666666667,6,2025,7,Summer
2025-07-26,22.8,28.7,16.833333333333332,30.4,13.1,0,4.8,6,2025,7,Summer
2025-07-27,24.916666666666668,30.78333333333333,18.983333333333334,32.5,15.1,0,6.916666666666667,6,2025,7,Summer
2025-07-28,25.1,31.85,18.3,34,15.5,0,7.1,6,2025,7,Summer
2025-07-29,23.78333333333333,29.78333333333333,17.783333333333335,32.8,13.6,0,5.783333333333333,6,2025,7,Summer
2025-07-30,21.333333333333336,27.366666666666667,15.266666666666666,29.9,9.6,0.25,3.5833333333333335,6,2025,7,Summer
2025-07-31,18.1,23.183333333333334,12.950000000000001,24.1,8.3,0.7833333333333334,0.8833333333333334,6,2025,7,Summer
2025-08-01,18,24.583333333333336,11.366666666666667,25.8,8.7,0.6166666666666667,0.6166666666666667,6,2025,8,Summer
2025-08-02,18.8,26.516666666666666,11.016666666666666,28.4,8.9,0.15,0.95,6,2025,8,Summer
2025-08-03,20.133333333333333,27.55,12.683333333333334,29.3,11.1,0,2.1333333333333333,6,2025,8,Summer
2025-08-04,19.75,25.4,14.05,29.3,12.8,0.35,2.1,6,2025,8,Summer
2025-08-05,20.14,26.18,14.02,29.2,9.5,0.3,2.44,5,2025,8,Summer
2025-08-06,21.833333333333332,27.233333333333334,16.366666666666667,28.8,12.8,0,3.8333333333333335,6,2025,8,Summer
2025-08-07,23.066666666666666,28.983333333333334,17.1,30.2,14,0,5.066666666666666,6,2025,8,Summer
2025-08-08,23.28333333333333,29.46666666666667,17.066666666666666,31.6,14.4,0,5.283333333333333,6,2025,8,Summer
2025-08-09,24.433333333333334,30.2,18.633333333333333,33.5,15.6,0,6.433333333333334,6,2025,8,Summer
2025-08-10,25.366666666666667,32.06666666666666,18.616666666666667,34.8,14.9,0,7.366666666666666,6,2025,8,Summer
2025-08-11,25.35,31.76666666666667,18.866666666666667,35.1,14.8,0,7.3500000000000005,6,2025,8,Summer
2025-08-12,25.15,31.45,18.8,35.3,14,0,7.15,6,2025,8,Summer
2025-08-13,22.98,28.14,17.78,30.9,12.6,0.08,5.0600000000000005,5,2025,8,Summer
2025-08-14,21.16,26.580000000000002,15.72,28.3,11.1,0.32,3.48,5,2025,8,Summer
2025-08-15,22.25,29.1,15.366666666666667,29.8,11.5,0,4.25,6,2025,8,Summer
2025-08-16,22.816666666666666,29.783333333333335,15.783333333333333,32.3,12.1,0.15,4.966666666666667,6,2025,8,Summer
2025-08-17,18.383333333333333,23.733333333333334,12.983333333333333,29.2,7.4,1.5833333333333335,1.9666666666666666,6,2025,8,Summer
2025-08-18,16.083333333333332,21.53333333333333,10.6,25.9,7.3,2.2666666666666666,0.35,6,2025,8,Summer
2025-08-19,18.266666666666666,22.5,14,26,10.9,0.5166666666666666,0.7833333333333333,6,2025,8,Summer
2025-08-20,19.233333333333334,23.3,15.100000000000001,25.1,11.5,0,1.2333333333333334,6,2025,8,Summer
2025-08-21,19.15,25.016666666666666,13.216666666666667,27.6,10.4,0.18333333333333335,1.3333333333333333,6,2025,8,Summer
2025-08-22,20.35,27.066666666666666,13.6,30.2,11,0,2.35,6,2025,8,Summer
2025-08-23,19.866666666666667,25.35,14.316666666666666,28.5,11.3,0.16666666666666666,2.033333333333333,6,2025,8,Summer
2025-08-24,18.416666666666668,23.833333333333336,12.916666666666668,29.1,8.8,1.2,1.6166666666666667,6,2025,8,Summer
2025-08-25,15.666666666666668,20.633333333333333,10.65,25.5,5.3,2.5166666666666666,0.18333333333333335,6,2025,8,Summer
2025-08-26,14.700000000000001,20.933333333333334,8.4,22.5,4,3.3000000000000003,0,6,2025,8,Summer
2025-08-27,15.483333333333334,22.483333333333334,8.466666666666667,23.7,3.5,2.5166666666666666,0,6,2025,8,Summer
2025-08-28,13.766666666666667,18.75,8.716666666666667,23.2,3.6,4.233333333333333,0,6,2025,8,Summer
2025-08-29,13.28,18.96,7.5200000000000005,20.6,2.5,4.72,0,5,2025,8,Summer
2025-08-30,14.583333333333334,22.45,6.683333333333334,26.8,4.5,3.416666666666667,0,6,2025,8,Summer
2025-08-31,16.233333333333334,24.150000000000002,8.283333333333333,25.6,5,1.7666666666666666,0,6,2025,8,Summer
2025-09-01,18.266666666666666,25.95,10.55,27.6,8.5,0.25,0.5166666666666666,6,2025,9,Fall
2025-09-02,18.383333333333333,25.466666666666665,11.216666666666667,26.2,9.5,0.18333333333333332,0.5666666666666667,6,2025,9,Fall
2025-09-03,17.183333333333334,24.35,9.966666666666667,28.4,5.3,1.7833333333333332,0.9666666666666667,6,2025,9,Fall
2025-09-04,13.116666666666667,18.566666666666666,7.6,27.4,4,4.883333333333334,0,6,2025,9,Fall
2025-09-05,14.016666666666666,20.433333333333334,7.566666666666666,23.9,4.2,3.9833333333333334,0,6,2025,9,Fall
2025-09-06,13.2,18.083333333333332,8.266666666666666,20.5,3.3,4.8,0,6,2025,9,Fall
2025-09-07,13,19,6.98,20.4,5.6,5,0,5,2025,9,Fall
2025-09-08,12,18.583333333333336,5.383333333333334,20.3,2.1,6,0,6,2025,9,Fall
2025-09-09,14.483333333333334,21.9,7,23.9,3.7,3.5166666666666666,0,6,2025,9,Fall
2025-09-10,16.566666666666666,23.633333333333333,9.483333333333334,25.5,7,1.45,0.01666666666666667,6,2025,9,Fall
2025-09-11,16.2,22.766666666666666,9.583333333333332,25.8,5.6,2.1333333333333333,0.33333333333333337,6,2025,9,Fall
2025-09-12,15.666666666666666,21.866666666666667,9.416666666666666,26.6,4.7,2.6166666666666667,0.2833333333333333,6,2025,9,Fall
2025-09-13,18.4,24.766666666666666,11.95,26.9,10.5,0.4166666666666667,0.8166666666666667,6,2025,9,Fall
2025-09-14,17.433333333333334,24.116666666666667,10.683333333333334,27.6,8.8,1.25,0.6833333333333333,6,2025,9,Fall
2025-09-15,18.94,25.1,12.78,27.7,10.3,0.22000000000000003,1.16,5,2025,9,Fall
2025-09-16,19.03333333333333,26.633333333333333,11.383333333333333,28.1,9.3,0.18333333333333332,1.2166666666666666,6,2025,9,Fall
2025-09-17,18.8,26.21666666666667,11.283333333333333,27.8,8.9,0.11666666666666665,0.9166666666666667,6,2025,9,Fall
2025-09-18,18.05,25.28333333333333,10.75,31.3,8.2,1.4666666666666666,1.5166666666666668,6,2025,9,Fall
2025-09-19,16.66,21.48,11.8,25.3,7.9,2.08,0.74,5,2025,9,Fall
2025-09-20,15.26,20.38,10.12,25.2,2.7,3.08,0.33999999999999997,5,2025,9,Fall
2025-09-21,16.383333333333333,22.883333333333333,9.866666666666667,27.1,1.8,2.216666666666667,0.6,6,2025,9,Fall
2025-09-22,18.65,22.4,14.816666666666666,25.7,11.7,0.75,1.4,6,2025,9,Fall
2025-09-23,19.759999999999998,24.72,14.760000000000002,26.2,9.3,0.32,2.08,5,2025,9,Fall
2025-09-24,18.733333333333334,22.683333333333334,14.75,24.2,6.2,0.5666666666666667,1.3,6,2025,9,Fall
2025-09-25,17.98,22.6,13.34,27.5,7.5,0.58,0.56,5,2025,9,Fall
2025-09-26,16.666666666666668,22.65,10.633333333333333,26.3,3.2,2.0666666666666664,0.7333333333333333,6,2025,9,Fall
2025-09-27,17.35,24.2,10.433333333333334,28.5,3.8,1.8166666666666667,1.1666666666666667,6,2025,9,Fall
2025-09-28,17.21666666666667,24.916666666666664,9.450000000000001,27.9,3.8,1.0333333333333334,0.25,6,2025,9,Fall
2025-09-29,17.416666666666668,25.983333333333334,8.783333333333333,27.1,5.8,0.65,0.06666666666666668,6,2025,9,Fall
2025-09-30,15.8,21.85,9.75,26.5,6.1,2.416666666666667,0.21666666666666667,6,2025,9,Fall
2025-10-01,13.4,19,7.75,21.7,3.1,4.6,0,6,2025,10,Fall
2025-10-02,14.683333333333334,21.96666666666667,7.35,25.9,2.4,3.4166666666666665,0.1,6,2025,10,Fall
2025-10-03,16.633333333333333,25.6,7.616666666666667,29.2,4.3,1.55,0.18333333333333335,6,2025,10,Fall
2025-10-04,20.15,28.25,12.016666666666666,30.4,10.4,0,2.15,6,2025,10,Fall
2025-10-05,21,28.166666666666664,13.766666666666666,29.9,11.3,0,3,6,2025,10,Fall
2025-10-06,18.66,25.62,11.62,29.3,4.4,1.52,2.18,5,2025,10,Fall
2025-10-07,13.383333333333333,18.9,7.833333333333334,21.8,-1.9,4.616666666666666,0,6,2025,10,Fall
2025-10-08,8.4,14.35,2.4166666666666665,16.9,-4.2,9.6,0,6,2025,10,Fall
2025-10-09,7.333333333333334,14.066666666666666,0.5833333333333334,17.6,-3.3,10.666666666666666,0,6,2025,10,Fall
2025-10-10,9.166666666666666,16.6,1.6833333333333331,19.3,-2.3,8.833333333333334,0,6,2025,10,Fall
2025-10-11,12.44,16.98,7.84,18.3,5.1,5.56,0,5,2025,10,Fall
2025-10-12,13.683333333333334,18.933333333333334,8.4,20.8,5.6,4.316666666666666,0,6,2025,10,Fall
2025-10-13,12.783333333333333,18.46666666666667,7.033333333333333,22,2.4,5.216666666666667,0,6,2025,10,Fall
2025-10-14,11.983333333333334,18.28333333333333,5.616666666666666,21.9,-1.7,6.016666666666667,0,6,2025,10,Fall
2025-10-15,9.016666666666666,14.166666666666666,3.816666666666667,17.4,0.5,8.983333333333334,0,6,2025,10,Fall
2025-10-16,7.716666666666667,14.583333333333332,0.7999999999999999,17.2,-2.6,10.283333333333333,0,6,2025,10,Fall
2025-10-17,9.65,15.366666666666667,3.8666666666666667,19.3,-0.7,8.35,0,6,2025,10,Fall
2025-10-18,15.066666666666666,20.05,10.05,26.8,4.8,3.333333333333333,0.4,6,2025,10,Fall
2025-10-19,13.85,19.883333333333333,7.75,26.1,1,4.15,0,6,2025,10,Fall
2025-10-20,9.666666666666666,14.833333333333334,4.483333333333333,18.3,-1.3,8.333333333333334,0,6,2025,10,Fall
2025-10-21,10.34,14.9,5.76,17.5,4,7.66,0,5,2025,10,Fall
2025-10-22,7.183333333333334,9.633333333333333,4.716666666666667,11.8,1.5,10.816666666666666,0,6,2025,10,Fall
2025-10-23,6.366666666666667,10.05,2.6166666666666667,13.4,-1.6,11.633333333333333,0,6,2025,10,Fall
2025-10-24,5.3,9.683333333333334,0.8833333333333332,12.4,-4.7,12.7,0,6,2025,10,Fall
2025-10-25,4.983333333333333,10.25,-0.3333333333333334,13,-4.5,13.016666666666667,0,6,2025,10,Fall
2025-10-26,4.433333333333334,10.433333333333334,-1.5833333333333335,13.7,-5.4,13.566666666666666,0,6,2025,10,Fall
2025-10-27,5.483333333333333,11.616666666666667,-0.7,14.3,-2.5,12.516666666666666,0,6,2025,10,Fall
2025-10-28,7.016666666666667,12.283333333333333,1.6666666666666665,14.3,-1,10.983333333333334,0,6,2025,10,Fall
2025-10-29,6.816666666666666,12.433333333333334,1.1666666666666667,14.2,-0.6,11.183333333333334,0,6,2025,10,Fall
2025-10-30,5.583333333333334,8.516666666666667,2.5666666666666664,10.7,-1.3,12.416666666666666,0,6,2025,10,Fall
2025-10-31,5.766666666666667,9.049999999999999,2.4166666666666665,13.2,-1.7,12.233333333333334,0,6,2025,10,Fall
2025-11-01,4.4,7.816666666666667,0.8999999999999999,11.8,0.1,13.6,0,6,2025,11,Fall
2025-11-02,4.683333333333334,10.55,-1.2333333333333334,13.4,-4.1,13.316666666666666,0,6,2025,11,Fall
2025-11-03,7.266666666666667,11.416666666666666,3.05,15.2,1.7,10.733333333333334,0,6,2025,11,Fall
2025-11-04,6.583333333333333,12.766666666666667,0.33333333333333354,16.5,-4.3,11.416666666666666,0,6,2025,11,Fall
2025-11-05,6.119999999999999,9.879999999999999,2.32,14.6,-1.1,11.88,0,5,2025,11,Fall
2025-11-06,1.65,6.133333333333333,-2.7833333333333337,11.2,-6.7,16.35,0,6,2025,11,Fall
2025-11-07,4.083333333333333,8.816666666666666,-0.6666666666666665,13.4,-8.7,13.916666666666668,0,6,2025,11,Fall
2025-11-08,0.55,4.283333333333333,-3.1666666666666665,9.3,-10.7,17.45,0,6,2025,11,Fall
2025-11-09,-2.8833333333333333,-0.35000000000000003,-5.416666666666667,2.9,-12.7,20.883333333333333,0,6,2025,11,Fall
2025-11-10,-3.7333333333333334,-1.55,-5.833333333333333,0,-9.6,21.733333333333334,0,6,2025,11,Fall
2025-11-11,-1.35,1.9166666666666667,-4.55,3.7,-6.3,19.35,0,6,2025,11,Fall
2025-11-12,2.5,5.283333333333333,-0.30000000000000004,10.5,-1.6,15.5,0,6,2025,11,Fall
2025-11-13,2.8666666666666667,7.2,-1.5,11.1,-5.7,15.133333333333333,0,6,2025,11,Fall
2025-11-14,2.2333333333333334,7.266666666666667,-2.816666666666667,13.3,-5.3,15.766666666666667,0,6,2025,11,Fall
2025-11-15,4.1000000000000005,8.916666666666668,-0.7333333333333334,18.3,-8.4,13.9,0,6,2025,11,Fall
2025-11-16,1.5,5.066666666666666,-2.05,9.6,-4.6,16.5,0,6,2025,11,Fall
2025-11-17,-1.3666666666666665,2.7,-5.433333333333334,7.2,-11,19.366666666666667,0,6,2025,11,Fall
2025-11-18,-2.1166666666666667,2.6333333333333333,-6.85,6.8,-12.4,20.116666666666667,0,6,2025,11,Fall
2025-11-19,-1.4,3.0666666666666664,-5.883333333333334,6.8,-10.8,19.4,0,6,2025,11,Fall
2025-11-20,0.3199999999999999,4.18,-3.56,7.7,-6.1,17.68,0,5,2025,11,Fall
2025-11-21,3.5166666666666666,7.883333333333334,-0.8833333333333332,11.3,-7.9,14.483333333333334,0,6,2025,11,Fall
2025-11-22,0.2999999999999999,4.333333333333333,-3.716666666666667,7.6,-9.3,17.7,0,6,2025,11,Fall
2025-11-23,2.4800000000000004,6.659999999999999,-1.7,12.1,-6.6,15.52,0,5,2025,11,Fall
2025-11-24,2.033333333333333,7.5,-3.5,11.4,-6,15.966666666666667,0,6,2025,11,Fall
2025-11-25,4.566666666666666,7.050000000000001,2.066666666666667,10.5,-5.1,13.433333333333334,0,6,2025,11,Fall
2025-11-26,3,6.566666666666666,-0.6000000000000001,11.2,-5,15,0,6,2025,11,Fall
2025-11-27,-1,1.2666666666666666,-3.25,3.7,-6.9,19,0,6,2025,11,Fall
2025-11-28,-3.3666666666666663,-1.2,-5.466666666666667,3.1,-12.1,21.366666666666667,0,6,2025,11,Fall
2025-11-29,-4.666666666666667,-1.7833333333333334,-7.5,1.4,-14.8,22.666666666666668,0,6,2025,11,Fall
2025-11-30,-3.283333333333333,-0.4,-6.15,2.6,-12.8,21.28333333333333,0,6,2025,11,Fall
2025-12-01,-7.016666666666667,-3.683333333333333,-10.3,-1.5,-14.6,25.016666666666666,0,6,2025,12,Winter
2025-12-02,-6.066666666666666,-1.95,-10.083333333333334,0.1,-13.7,24.066666666666666,0,6,2025,12,Winter
2025-12-03,-7.2,-1.5,-12.833333333333334,2,-19,25.2,0,6,2025,12,Winter
2025-12-04,-11.383333333333335,-5.133333333333334,-17.583333333333332,-0.9,-23.5,29.383333333333333,0,6,2025,12,Winter
2025-12-05,-9.966666666666667,-3.6333333333333333,-16.266666666666666,-0.5,-22.2,27.966666666666665,0,6,2025,12,Winter
2025-12-06,-5.7,-2.2,-9.133333333333333,1,-19,23.7,0,6,2025,12,Winter
2025-12-07,-8.66,-4.38,-12.879999999999999,-0.5,-21.9,26.66,0,5,2025,12,Winter
2025-12-08,-13.600000000000001,-8,-19.15,-3.3,-23.9,31.6,0,6,2025,12,Winter
2025-12-09,-9.133333333333333,-2.2,-16,1.8,-23.4,27.133333333333333,0,6,2025,12,Winter
2025-12-10,-4.96,-1.2799999999999998,-8.620000000000001,2.7,-16.3,22.96,0,5,2025,12,Winter
2025-12-11,-8.55,-5.466666666666667,-11.55,-2.3,-16.6,26.55,0,6,2025,12,Winter
2025-12-12,-8.666666666666666,-3.8000000000000003,-13.466666666666667,-0.8,-20.2,26.666666666666668,0,6,2025,12,Winter
2025-12-13,-10.533333333333333,-5.35,-15.633333333333333,-1.4,-24.1,28.53333333333333,0,6,2025,12,Winter
2025-12-14,-13.116666666666667,-8.916666666666666,-17.266666666666666,-7.2,-23.6,31.116666666666667,0,6,2025,12,Winter
2025-12-15,-10.316666666666666,-6.283333333333333,-14.316666666666666,-4.3,-17.6,28.316666666666666,0,6,2025,12,Winter
2025-12-16,-3.75,1.5166666666666666,-8.95,6.9,-16.6,21.75,0,6,2025,12,Winter
2025-12-17,-1.7,3.433333333333333,-6.833333333333333,7.4,-13.4,19.7,0,6,2025,12,Winter
2025-12-18,0.3499999999999998,6.866666666666667,-6.166666666666666,10,-17.9,17.65,0,6,2025,12,Winter
2025-12-19,-2.816666666666667,5.033333333333333,-10.65,11,-21.4,20.816666666666666,0,6,2025,12,Winter
2025-12-20,-4.766666666666667,1.2,-10.666666666666668,4.9,-17.6,22.766666666666666,0,6,2025,12,Winter
2025-12-21,-7.566666666666666,-2.066666666666667,-13.016666666666667,3,-23.5,25.566666666666666,0,6,2025,12,Winter
2025-12-22,-6.416666666666666,-0.6666666666666667,-12.15,3.6,-18,24.416666666666668,0,6,2025,12,Winter
2025-12-23,-1.7333333333333334,2.1666666666666665,-5.6499999999999995,10.6,-18.7,19.733333333333334,0,6,2025,12,Winter
2025-12-24,-5.016666666666667,-1.3166666666666669,-8.7,3,-19.9,23.016666666666666,0,6,2025,12,Winter
2025-12-25,-5.616666666666667,-0.5666666666666665,-10.633333333333333,4.2,-17.9,23.616666666666667,0,6,2025,12,Winter
2025-12-26,-7.416666666666666,-5.083333333333334,-9.733333333333334,1.7,-20.6,25.416666666666668,0,6,2025,12,Winter
2025-12-27,-7.24,-4.68,-9.76,0.7,-16.1,25.24,0,5,2025,12,Winter
2025-12-28,-2.433333333333333,2.9666666666666663,-7.8,15.5,-18.2,20.433333333333334,0,6,2025,12,Winter
2025-12-29,-2.6199999999999997,4.64,-9.84,11.5,-17.6,20.62,0,5,2025,12,Winter
2025-12-30,-11.083333333333334,-8.766666666666667,-13.366666666666667,-3.8,-21,29.083333333333332,0,6,2025,12,Winter
2025-12-31,-11.433333333333334,-7.666666666666667,-15.15,-1.5,-22.4,29.433333333333334,0,6,2025,12,Winter
